-- mysql -h 127.0.0.1 -uspider -pspider -D3GTEST
-- mysql -h 127.0.0.1 -uspider -pspider < 3gtest.sql
-- mysql -h 127.0.0.1 -urooot -pnzq < C:\NZQ_Working\Current Work\Working\N3GTEST\script\3gtest.sql

DROP DATABASE IF EXISTS 3GTEST_NEW;

---- CREATE DATABASE 3GTEST_NEW
CREATE DATABASE IF NOT EXISTS 3GTEST_NEW DEFAULT CHARACTER SET UTF8;
USE 3GTEST_NEW;

---- CREATE TABLE
DROP TABLE IF EXISTS DICTIONARY_3GTEST;
CREATE TABLE DICTIONARY_3GTEST(
			TABLE_NAME      VARCHAR(50) NOT NULL,
			COLUMN_NAME     VARCHAR(100) NOT NULL,
			DES             VARCHAR(200) NOT NULL,
			PRIMARY KEY  (TABLE_NAME, COLUMN_NAME)
			) ENGINE=MyISAM DEFAULT CHARSET=utf8;
			
DROP TABLE IF EXISTS CONFIG_BUSS;
CREATE TABLE CONFIG_BUSS (
			BUSS_TYPE      VARCHAR(1) NOT NULL,
			DES            VARCHAR(100) NOT NULL DEFAULT '',
			PRIMARY KEY  (BUSS_TYPE)
			) ENGINE=MyISAM DEFAULT CHARSET=utf8;

DROP TABLE IF EXISTS CONFIG_BUSSOP;
CREATE TABLE CONFIG_BUSSOP (
			BUSSOP_TYPE     VARCHAR(2) NOT NULL,
			BUSS_TYPE       VARCHAR(1) NOT NULL DEFAULT '',
			TMOUT_REALTMOP  INT(11)     NOT NULL DEFAULT 100,
			DES             VARCHAR(100) NOT NULL  DEFAULT '',
			PRIMARY KEY  (BUSSOP_TYPE)
			) ENGINE=MyISAM DEFAULT CHARSET=utf8;

DROP TABLE IF EXISTS USERS;
CREATE TABLE USERS(
			COMM_ID       INT(11) AUTO_INCREMENT NOT NULL,
			USER_NAME     VARCHAR(24) NOT NULL DEFAULT '',
			USER_PWD      VARCHAR(32) NOT NULL DEFAULT '123456',
			PRIMARY KEY  (COMM_ID)
			) ENGINE=MyISAM DEFAULT CHARSET=utf8;

DROP TABLE IF EXISTS CONFIG_SYSTEM;
CREATE TABLE CONFIG_SYSTEM (
			COMM_ID            INT(11) AUTO_INCREMENT NOT NULL,
			FTPRESULT_RESDATE  INT(11) NOT NULL default 90,
			FTPURL_UPDATEVER   VARCHAR(250) DEFAULT '',
			PRIMARY KEY  (COMM_ID)
			) ENGINE=MyISAM DEFAULT CHARSET=utf8;

DROP TABLE IF EXISTS CONFIG_RECORDFILE;
CREATE TABLE CONFIG_RECORDFILE (
				FNAME       VARCHAR(150) NOT NULL,
				DES         VARCHAR(100) NOT NULL DEFAULT '',
				PRIMARY KEY  (FNAME)
				) ENGINE=MyISAM DEFAULT CHARSET=utf8;

DROP TABLE IF EXISTS CONFIG_BUSSOP_ERRORS;
CREATE TABLE CONFIG_BUSSOP_ERRORS (
			RES_CODE  INT(11) NOT NULL DEFAULT 0,
			RES_DES   VARCHAR(250) NOT NULL DEFAULT '',
			PRIMARY KEY  (RES_CODE)
			) ENGINE=MyISAM DEFAULT CHARSET=utf8;

DROP TABLE IF EXISTS CONFIG_TERMINAL;
CREATE TABLE CONFIG_TERMINAL (
			TERMINAL_ID       VARCHAR(20) NOT NULL,
			TERMINAL_NAME		  VARCHAR(100) DEFAULT '未命名',
			CITY_REGIONAL_ID  VARCHAR(128) NOT NULL DEFAULT '',
			MAINPHONE2	      VARCHAR(20) NOT NULL DEFAULT '',
			MAINPHONE3        VARCHAR(20) NOT NULL DEFAULT '',
			REMSGTIMES        INT(11) NOT NULL DEFAULT 10,
			REMSGINTERVAL     INT(11) NOT NULL DEFAULT 1,
			IDENPASS          VARCHAR(6) NOT NULL DEFAULT '123456',
			DTMF              VARCHAR(6) NOT NULL DEFAULT '987123',
			DTMF_GAP          VARCHAR(6) NOT NULL DEFAULT '987123',
			DTMF_WAIT1        INT(11) NOT NULL DEFAULT 1000,
			PLAYFILE          VARCHAR(100) NOT NULL DEFAULT 'AGMA1M02.wav',
			PLAY_TIME         INT(11) NOT NULL DEFAULT 8,
			DTMF_WAIT2        INT(11) NOT NULL DEFAULT 1000,
			DTMF_WAIT3        INT(11) NOT NULL DEFAULT 15,
			DTMF_WAIT4        INT(11) NOT NULL DEFAULT 1000,
			CQT_FERSIST       INT(11) NOT NULL DEFAULT 60,
			PEPORTNUM         VARCHAR(20) NOT NULL DEFAULT '13032010322',
			UPGRADEURL        VARCHAR(250) NOT NULL DEFAULT 'ftp://user:pass@192.168.1.1',
			PESQ_REPORT_URL   VARCHAR(250) NOT NULL DEFAULT 'ftp://user:pass@192.168.1.1',
			RESET_GAP         INT(11) NOT NULL DEFAULT 86400,

			PESQ_CENTER_ACTIVE  VARCHAR(20) NOT NULL DEFAULT '13099992821',
			PESQ_TERM_ACTIVE    VARCHAR(20) NOT NULL DEFAULT '13099992821',
			PESQ_CENTER_PASSIVE VARCHAR(20) NOT NULL DEFAULT '13099992822',
			PESQ_TERM_PASSIVE   VARCHAR(20) NOT NULL DEFAULT '13099992822',

			CONNPOINT	          VARCHAR(100) NOT NULL DEFAULT 'MY ISP',

			FTPIP		            VARCHAR(64) NOT NULL DEFAULT '222.186.191.102',
			FTPUSER		          VARCHAR(20) NOT NULL DEFAULT 'symtree',
			FTPPASS	          	VARCHAR(20) NOT NULL DEFAULT 'jason010101',
			FTPDIR	          	VARCHAR(100) NOT NULL DEFAULT 'wwwroot/B',

			CDMA_N		          INT(11) NOT NULL DEFAULT 60,
			CDMA_NV		          INT(11) NOT NULL DEFAULT 30,
			CDMA_NVT	          INT(11) NOT NULL DEFAULT 60,
			NetFailSMSReport    INT(11) NOT NULL DEFAULT 0,
			SMSPrefix	          VARCHAR(20) NOT NULL DEFAULT 'YR1',
			BuzzingDuration     INT(11) NOT NULL DEFAULT 30,

			PRIMARY KEY  (TERMINAL_ID)
			) ENGINE=MyISAM DEFAULT CHARSET=utf8;


DROP TABLE IF EXISTS CONFIG_TERMINAL_ROUTINE;
CREATE TABLE CONFIG_TERMINAL_ROUTINE (
			TERMINAL_ID   VARCHAR(20) NOT NULL,
			STARTTIME     VARCHAR(16) NOT NULL,
			TYPE          VARCHAR(32) NOT NULL,
			FLAG_CDMA     VARCHAR(1) NOT NULL DEFAULT 'F',
			PRIMARY KEY  (TERMINAL_ID, STARTTIME)
			) ENGINE=MyISAM DEFAULT CHARSET=utf8;

DROP TABLE IF EXISTS CONFIG_TERMINAL_ROUTINE_CONTENT_PING;
CREATE TABLE CONFIG_TERMINAL_ROUTINE_CONTENT_PING (
			TERMINAL_ID    VARCHAR(20) NOT NULL,
			STARTTIME      VARCHAR(16) NOT NULL,
			TIMES		       INT(11) NOT NULL DEFAULT 3,
			PACKSIZE	     INT(11) NOT NULL DEFAULT 32,
			TM_INTER	     INT(11) NOT NULL DEFAULT 5,
			TMOUT	       	 INT(11) NOT NULL DEFAULT 20,
			URL		         VARCHAR(250) NOT NULL DEFAULT '127.0.0.1',
			PRIMARY KEY  (TERMINAL_ID, STARTTIME)
			) ENGINE=MyISAM DEFAULT CHARSET=utf8;	

DROP TABLE IF EXISTS CONFIG_TERMINAL_ROUTINE_CONTENT_FTP;
CREATE TABLE CONFIG_TERMINAL_ROUTINE_CONTENT_FTP (
			TERMINAL_ID     VARCHAR(20) NOT NULL,
			STARTTIME       VARCHAR(16) NOT NULL,
			TIMES           INT(11)  NOT NULL DEFAULT 3,
			TMOUT           INT(11) NOT NULL DEFAULT 20,
			URL             VARCHAR(250) NOT NULL DEFAULT '127.0.0.1',
			DIRECTION       VARCHAR(5) NOT NULL DEFAULT '1',
			NUMBER_PROCESS	INT(11) NOT NULL DEFAULT 1,
			PRIMARY KEY  (TERMINAL_ID, STARTTIME)
			) ENGINE=MyISAM DEFAULT CHARSET=utf8;	

DROP TABLE IF EXISTS CONFIG_TERMINAL_ROUTINE_CONTENT_HTTP;
CREATE TABLE CONFIG_TERMINAL_ROUTINE_CONTENT_HTTP (
			TERMINAL_ID      VARCHAR(20) NOT NULL,
			STARTTIME        VARCHAR(16) NOT NULL,
			TIMES            INT(11)     NOT NULL DEFAULT 3,
			TMOUT            INT(11)     NOT NULL DEFAULT 30,
			URL              VARCHAR(250) NOT NULL DEFAULT 'www.baidu.com',
			PRIMARY KEY  (TERMINAL_ID, STARTTIME)
			) ENGINE=MyISAM DEFAULT CHARSET=utf8;

DROP TABLE IF EXISTS CONFIG_TERMINAL_ROUTINE_CONTENT_CQT;
CREATE TABLE CONFIG_TERMINAL_ROUTINE_CONTENT_CQT (
			TERMINAL_ID     VARCHAR(20) NOT NULL,
			STARTTIME       VARCHAR(16) NOT NULL,
			TYPE            VARCHAR(5)  NOT NULL DEFAULT '1',
			TM_INTER        INT(11) NOT NULL DEFAULT 10,
			TIMES           INT(11) NOT NULL DEFAULT 3,
			TEST_TMINTER    INT(11) NOT NULL DEFAULT 5,
			TEST_TIMES      INT(11) NOT NULL DEFAULT 1,
			TM_CALLHOLD     INT(11) NOT NULL DEFAULT 15,
			PRIMARY KEY  (TERMINAL_ID, STARTTIME)
			) ENGINE=MyISAM DEFAULT CHARSET=utf8;

DROP TABLE IF EXISTS CONFIG_TERMINAL_ROUTINE_CONTENT_EXTRA_PESQ;
CREATE TABLE CONFIG_TERMINAL_ROUTINE_CONTENT_EXTRA_PESQ (
			TERMINAL_ID  VARCHAR(20) NOT NULL,
			STARTTIME    VARCHAR(16) NOT NULL,
			TYPE         VARCHAR(5)  NOT NULL DEFAULT '1',
			SRCFNAME     VARCHAR(20) NOT NULL DEFAULT 'AGMA1M02.wav',
			EXEC_DATA    VARCHAR(8)  NOT NULL DEFAULT '20091201',
			PRIMARY KEY  (TERMINAL_ID, STARTTIME)
			) ENGINE=MyISAM DEFAULT CHARSET=utf8;
			
DROP TABLE IF EXISTS CONFIG_CDMAPARAM;
CREATE TABLE CONFIG_CDMAPARAM (
			CDMAPARAM_CODE	     VARCHAR(5)  NOT NULL,
			TERMCONF_NAME        VARCHAR(64) NOT NULL DEFAULT 'PN',
			BUSSOP_RESULT_NAME   VARCHAR(64) NOT NULL DEFAULT 'PN',
			BUSSOP_RESULT_DBNAME VARCHAR(64) NOT NULL DEFAULT 'CDMAPARA_002',
			PRIMARY KEY(CDMAPARAM_CODE)
			) ENGINE=MyISAM DEFAULT CHARSET=utf8;
			
DROP TABLE IF EXISTS CONFIG_TERMINAL_CDMAPARAM;
CREATE TABLE CONFIG_TERMINAL_CDMAPARAM(
			TERMINAL_ID     VARCHAR(20) NOT NULL,
			CDMAPARAM_CODE  VARCHAR(5)  NOT NULL DEFAULT '001',
			IDLE_HIGH       VARCHAR(15)  NOT NULL DEFAULT 'NULL',
			IDLE_LOW        VARCHAR(15)  NOT NULL DEFAULT 'NULL',
			ACTIVE_HIGH     VARCHAR(15)  NOT NULL DEFAULT 'NULL',
			ACTIVE_LOW      VARCHAR(15)  NOT NULL DEFAULT 'NULL',
			STATUS          VARCHAR(15)  NOT NULL DEFAULT 'I/C/D',
			IMPORTANT       VARCHAR(10)  NOT NULL DEFAULT '',
			PRIMARY KEY (TERMINAL_ID, CDMAPARAM_CODE)
			) ENGINE=MyISAM DEFAULT CHARSET=utf8;


DROP TABLE IF EXISTS CONFIG_TERMINAL_BK;
CREATE TABLE CONFIG_TERMINAL_BK LIKE CONFIG_TERMINAL;

DROP TABLE IF EXISTS CONFIG_TERMINAL_ROUTINE_BK;
CREATE TABLE CONFIG_TERMINAL_ROUTINE_BK LIKE CONFIG_TERMINAL_ROUTINE;

DROP TABLE IF EXISTS CONFIG_TERMINAL_ROUTINE_CONTENT_PING_BK;
CREATE TABLE CONFIG_TERMINAL_ROUTINE_CONTENT_PING_BK LIKE CONFIG_TERMINAL_ROUTINE_CONTENT_PING;

DROP TABLE IF EXISTS CONFIG_TERMINAL_ROUTINE_CONTENT_FTP_BK;
CREATE TABLE CONFIG_TERMINAL_ROUTINE_CONTENT_FTP_BK LIKE CONFIG_TERMINAL_ROUTINE_CONTENT_FTP;

DROP TABLE IF EXISTS CONFIG_TERMINAL_ROUTINE_CONTENT_HTTP_BK;
CREATE TABLE CONFIG_TERMINAL_ROUTINE_CONTENT_HTTP_BK LIKE CONFIG_TERMINAL_ROUTINE_CONTENT_HTTP;

DROP TABLE IF EXISTS CONFIG_TERMINAL_ROUTINE_CONTENT_CQT_BK;
CREATE TABLE CONFIG_TERMINAL_ROUTINE_CONTENT_CQT_BK LIKE CONFIG_TERMINAL_ROUTINE_CONTENT_CQT;

DROP TABLE IF EXISTS CONFIG_TERMINAL_CDMAPARAM_BK;
CREATE TABLE CONFIG_TERMINAL_CDMAPARAM_BK LIKE CONFIG_TERMINAL_CDMAPARAM;

DROP TABLE IF EXISTS BUSSOP;
CREATE TABLE BUSSOP (
			BUSSOP_ID     VARCHAR(64) NOT NULL DEFAULT '',
			INIVATE_TYPE  VARCHAR(1) NOT NULL DEFAULT '',
			BUSSOP_TYPE   VARCHAR(2) NOT NULL DEFAULT '',
			TERMINAL_ID   VARCHAR(20) NOT NULL DEFAULT '',
			STARTTIME     VARCHAR(14) NOT NULL DEFAULT '',
			ENDTIME       VARCHAR(14) NOT NULL DEFAULT '',
			USER_NAME     VARCHAR(24) NOT NULL DEFAULT '',
			STATUS        VARCHAR(1) NOT NULL DEFAULT 'A',
			RES_CODE      INT(11) NOT NULL DEFAULT 0,
			RES_FNAM      VARCHAR(100) NOT NULL,
			PRIMARY KEY (BUSSOP_ID)
			) ENGINE=MyISAM DEFAULT CHARSET=utf8;


DROP TABLE IF EXISTS BUSSOP_CONTENT_PING;
CREATE TABLE BUSSOP_CONTENT_PING (
			BUSSOP_ID     VARCHAR(64) NOT NULL DEFAULT '',
			TIMES         INT(11)  NOT NULL DEFAULT 3,
			PACKSIZE      INT(11) NOT NULL DEFAULT 32,
			TM_INTER      INT(11) NOT NULL DEFAULT 10,
			TMOUT         INT(11) NOT NULL DEFAULT 15,
			URL           VARCHAR(250) NOT NULL DEFAULT '127.0.0.1',
			PRIMARY KEY  (BUSSOP_ID)
			) ENGINE=MyISAM DEFAULT CHARSET=utf8;	

DROP TABLE IF EXISTS BUSSOP_CONTENT_FTP;
CREATE TABLE BUSSOP_CONTENT_FTP (
			BUSSOP_ID      VARCHAR(64) NOT NULL DEFAULT '',
			TIMES          INT(11)  NOT NULL DEFAULT 3,
			TMOUT          INT(11) NOT NULL DEFAULT 20,
			URL            VARCHAR(250) NOT NULL DEFAULT '127.0.0.1',
			DIRECTION      VARCHAR(5) NOT NULL DEFAULT '1',
			NUMBER_PROCESS INT(11) NOT NULL DEFAULT 1,
			PRIMARY KEY (BUSSOP_ID)
			) ENGINE=MyISAM DEFAULT CHARSET=utf8;	

DROP TABLE IF EXISTS BUSSOP_CONTENT_HTTP;
CREATE TABLE BUSSOP_CONTENT_HTTP (
			BUSSOP_ID     VARCHAR(64) NOT NULL DEFAULT '',
			TIMES         INT(11)  NOT NULL DEFAULT 3,
			TMOUT          INT(11) NOT NULL DEFAULT 20,
			URL            VARCHAR(250) NOT NULL DEFAULT '127.0.0.1',
			PRIMARY KEY  (BUSSOP_ID)
			) ENGINE=MyISAM DEFAULT CHARSET=utf8;

DROP TABLE IF EXISTS BUSSOP_CONTENT_CQT;
CREATE TABLE BUSSOP_CONTENT_CQT (
			BUSSOP_ID    VARCHAR(64) NOT NULL,
			CALLED       VARCHAR(20) NOT NULL DEFAULT '',
			TYPE         VARCHAR(5)  NOT NULL DEFAULT '1',
			TM_INTER     INT(11) NOT NULL DEFAULT 20,
			TIMES        INT(11) NOT NULL DEFAULT 1,
			TEST_TMINTER INT(11) NOT NULL DEFAULT 3,
			TEST_TIMES   INT(11) NOT NULL DEFAULT 1,
			TM_CALLHOLD  INT(11) NOT NULL DEFAULT 5,
			PRIMARY KEY (BUSSOP_ID)
			) ENGINE=MyISAM DEFAULT CHARSET=utf8;

DROP TABLE IF EXISTS BUSSOP_CONTENT_PESQ;
CREATE TABLE BUSSOP_CONTENT_PESQ (
			BUSSOP_ID   VARCHAR(64) NOT NULL,
			SRCFNAME    VARCHAR(20) NOT NULL DEFAULT '',
			TYPE        VARCHAR(5)  NOT NULL DEFAULT '1',
			CALLER      VARCHAR(20) NOT NULL DEFAULT '',
			CALLED      VARCHAR(20) NOT NULL DEFAULT '',
			PRIMARY KEY  (BUSSOP_ID)
			) ENGINE=MyISAM DEFAULT CHARSET=utf8;

DROP TABLE IF EXISTS BUSSOP_RESULT_QUERYVERSION;
CREATE TABLE BUSSOP_RESULT_QUERYVERSION (
			COMM_ID INT(11) AUTO_INCREMENT NOT NULL,
			BUSSOP_ID    VARCHAR(64) NOT NULL DEFAULT '',
			CUR_VERSION	 VARCHAR(6) NOT NULL  DEFAULT '',
			BACK_VERSION VARCHAR(6) NOT NULL  DEFAULT '',
			PRIMARY KEY (COMM_ID)
			) ENGINE=MyISAM DEFAULT CHARSET=utf8;

DROP TABLE IF EXISTS BUSSOP_RESULT_UPDATEVERSION;
CREATE TABLE BUSSOP_RESULT_UPDATEVERSION (
			COMM_ID      INT(11) AUTO_INCREMENT NOT NULL,
			BUSSOP_ID    VARCHAR(64) NOT NULL DEFAULT '',
			CUR_VERSION  VARCHAR(6) NOT NULL DEFAULT '',
			BACK_VERSION VARCHAR(6) NOT NULL DEFAULT '',
			SUCC_FLAG    VARCHAR(1) NOT NULL DEFAULT 'S',
			PRIMARY KEY (COMM_ID)
			) ENGINE=MyISAM DEFAULT CHARSET=utf8;
					
DROP TABLE IF EXISTS BUSSOP_RESULT_ROLLBACKVERSION;
CREATE TABLE BUSSOP_RESULT_ROLLBACKVERSION (
			COMM_ID     INT(11) AUTO_INCREMENT NOT NULL,
			BUSSOP_ID   VARCHAR(64) NOT NULL DEFAULT '',
			CUR_VERSION VARCHAR(6) NOT NULL DEFAULT '',
			SUCC_FLAG   VARCHAR(1) NOT NULL DEFAULT 'S',
			PRIMARY KEY (COMM_ID)
			) ENGINE=MyISAM DEFAULT CHARSET=utf8;

DROP TABLE IF EXISTS BUSSOP_RESULT_PING;
CREATE TABLE BUSSOP_RESULT_PING (
			COMM_ID    INT(11) AUTO_INCREMENT NOT NULL,
			BUSSOP_ID  VARCHAR(64) NOT NULL DEFAULT '',
			SEQ        INT(11) NOT NULL DEFAULT 1,
			SUCC_FLAG  VARCHAR(1) NOT NULL DEFAULT 'S',
			IP         VARCHAR(30) NOT NULL DEFAULT '127.0.0.1',
			PACKSIZE   VARCHAR(12) NOT NULL DEFAULT 32,
			DELAY      int(11) NOT NULL DEFAULT 0,
			TTL        VARCHAR(12) NOT NULL DEFAULT '',
			PRIMARY KEY  (COMM_ID)
			) ENGINE=MyISAM DEFAULT CHARSET=utf8;

DROP TABLE IF EXISTS BUSSOP_RESULT_HTTP;
CREATE TABLE BUSSOP_RESULT_HTTP (
			COMM_ID     INT(11) AUTO_INCREMENT NOT NULL,
			BUSSOP_ID   VARCHAR(64) NOT NULL DEFAULT '',
			SEQ         INT(11) NOT NULL DEFAULT 1,
			URL         VARCHAR(250) NOT NULL,
			STARTTIME   VARCHAR(20) NOT NULL DEFAULT '',
			ENDTIME     VARCHAR(20) NOT NULL DEFAULT '',
			SUCC_FLAG   VARCHAR(1) NOT NULL DEFAULT 'S',
			PRIMARY KEY (COMM_ID)
			) ENGINE=MyISAM DEFAULT CHARSET=utf8;

DROP TABLE IF EXISTS BUSSOP_RESULT_FTP;
CREATE TABLE BUSSOP_RESULT_FTP (
			COMM_ID     INT(11) AUTO_INCREMENT NOT NULL,
			BUSSOP_ID   VARCHAR(64) NOT NULL DEFAULT '',
			SEQ         INT(11) NOT NULL DEFAULT 1,
			URL         VARCHAR(250) NOT NULL DEFAULT '',
			STARTTIME   FLOAT NOT NULL DEFAULT 0.0,
			ENDTIME     FLOAT NOT NULL DEFAULT 0.0,
			SUCC_FLAG	  VARCHAR(5) NOT NULL DEFAULT 'S',
			PRIMARY KEY  (COMM_ID)
			) ENGINE=MyISAM DEFAULT CHARSET=utf8;

DROP TABLE IF EXISTS BUSSOP_RESULT_CQT;
CREATE TABLE BUSSOP_RESULT_CQT (
			COMM_ID           INT(11) AUTO_INCREMENT NOT NULL,
			BUSSOP_ID         VARCHAR(64) NOT NULL DEFAULT '',
			FREQUENCY_CONNECT FLOAT NOT NULL DEFAULT 100.00,
			FREQUENCY_LOST    FLOAT NOT NULL DEFAULT 0.0,
			TMDELAY_CALL      FLOAT NOT NULL DEFAULT 0.0,
			PRIMARY KEY (COMM_ID)
			) ENGINE=MyISAM DEFAULT CHARSET=utf8;

DROP TABLE IF EXISTS BUSSOP_RESULT_CDMAPARAM;
CREATE TABLE BUSSOP_RESULT_CDMAPARAM (
			BUSSOP_ID    VARCHAR(64) NOT NULL DEFAULT '',
			SEQ          INT(11)  NOT NULL DEFAULT 1,
			STATUS       VARCHAR(5) NOT NULL DEFAULT '',
			CDMAPARA_001 INT(11) NOT NULL DEFAULT 0,
			CDMAPARA_002 INT(11) NOT NULL DEFAULT 0,
			CDMAPARA_003 INT(11) NOT NULL DEFAULT 0,
			CDMAPARA_004 INT(11) NOT NULL DEFAULT 0,
			CDMAPARA_005 INT(11) NOT NULL DEFAULT 0,
			CDMAPARA_006 INT(11) NOT NULL DEFAULT 0,
			CDMAPARA_007 INT(11) NOT NULL DEFAULT 0,
			CDMAPARA_008 INT(11) NOT NULL DEFAULT 0,
			CDMAPARA_009 INT(11) NOT NULL DEFAULT 0,
			CDMAPARA_010 INT(11) NOT NULL DEFAULT 0,
			CDMAPARA_011 INT(11) NOT NULL DEFAULT 0,
			CDMAPARA_012 INT(11) NOT NULL DEFAULT 0,
			CDMAPARA_013 INT(11) NOT NULL DEFAULT 0,
			CDMAPARA_014 INT(11) NOT NULL DEFAULT 0,
			CDMAPARA_015 INT(11) NOT NULL DEFAULT 0,
			CDMAPARA_016 INT(11) NOT NULL DEFAULT 0,
			CDMAPARA_017 INT(11) NOT NULL DEFAULT 0,
			CDMAPARA_018 INT(11) NOT NULL DEFAULT 0,
			CDMAPARA_019 INT(11) NOT NULL DEFAULT 0,
			CDMAPARA_020 INT(11) NOT NULL DEFAULT 0,
			CDMAPARA_021 INT(11) NOT NULL DEFAULT 0,
			CDMAPARA_022 INT(11) NOT NULL DEFAULT 0,
			CDMAPARA_023 INT(11) NOT NULL DEFAULT 0,
			CDMAPARA_024 INT(11) NOT NULL DEFAULT 0,
			CDMAPARA_025 INT(11) NOT NULL DEFAULT 0,
			CDMAPARA_026 INT(11) NOT NULL DEFAULT 0,
			CDMAPARA_027 INT(11) NOT NULL DEFAULT 0,
			CDMAPARA_028 INT(11) NOT NULL DEFAULT 0,
			CDMAPARA_029 INT(11) NOT NULL DEFAULT 0,
			CDMAPARA_030 INT(11) NOT NULL DEFAULT 0,
			CDMAPARA_031 INT(11) NOT NULL DEFAULT 0,
			CDMAPARA_032 INT(11) NOT NULL DEFAULT 0,
			CDMAPARA_033 INT(11) NOT NULL DEFAULT 0,
			CDMAPARA_034 INT(11) NOT NULL DEFAULT 0,
			CDMAPARA_035 INT(11) NOT NULL DEFAULT 0,
			CDMAPARA_036 INT(11) NOT NULL DEFAULT 0,
			CDMAPARA_037 INT(11) NOT NULL DEFAULT 0,
			CDMAPARA_038 INT(11) NOT NULL DEFAULT 0,
			CDMAPARA_039 INT(11) NOT NULL DEFAULT 0,
			CDMAPARA_040 INT(11) NOT NULL DEFAULT 0,
			CDMAPARA_041 INT(11) NOT NULL DEFAULT 0,
			CDMAPARA_042 INT(11) NOT NULL DEFAULT 0,
			CDMAPARA_043 INT(11) NOT NULL DEFAULT 0,
			CDMAPARA_044 INT(11) NOT NULL DEFAULT 0,
			CDMAPARA_045 INT(11) NOT NULL DEFAULT 0,
			CDMAPARA_046 INT(11) NOT NULL DEFAULT 0,
			CDMAPARA_047 INT(11) NOT NULL DEFAULT 0,
			CDMAPARA_048 INT(11) NOT NULL DEFAULT 0,
			CDMAPARA_049 INT(11) NOT NULL DEFAULT 0,
			CDMAPARA_050 INT(11) NOT NULL DEFAULT 0,
			CDMAPARA_051 INT(11) NOT NULL DEFAULT 0,
			CDMAPARA_052 INT(11) NOT NULL DEFAULT 0,
			CDMAPARA_053 INT(11) NOT NULL DEFAULT 0,
			CDMAPARA_054 INT(11) NOT NULL DEFAULT 0,
			CDMAPARA_055 INT(11) NOT NULL DEFAULT 0,
			CDMAPARA_056 INT(11) NOT NULL DEFAULT 0,
			CDMAPARA_057 INT(11) NOT NULL DEFAULT 0,
			CDMAPARA_058 INT(11) NOT NULL DEFAULT 0,
			CDMAPARA_059 INT(11) NOT NULL DEFAULT 0,
			CDMAPARA_060 INT(11) NOT NULL DEFAULT 0,
			CDMAPARA_061 INT(11) NOT NULL DEFAULT 0,
			CDMAPARA_062 INT(11) NOT NULL DEFAULT 0,
			CDMAPARA_063 INT(11) NOT NULL DEFAULT 0,
			CDMAPARA_064 INT(11) NOT NULL DEFAULT 0,
			CDMAPARA_065 INT(11) NOT NULL DEFAULT 0,
			CDMAPARA_066 INT(11) NOT NULL DEFAULT 0,
			CDMAPARA_067 INT(11) NOT NULL DEFAULT 0,
			CDMAPARA_068 INT(11) NOT NULL DEFAULT 0,
			CDMAPARA_069 INT(11) NOT NULL DEFAULT 0,
			CDMAPARA_070 INT(11) NOT NULL DEFAULT 0,
			CDMAPARA_071 INT(11) NOT NULL DEFAULT 0,
			CDMAPARA_072 INT(11) NOT NULL DEFAULT 0,
			CDMAPARA_073 INT(11) NOT NULL DEFAULT 0,
			CDMAPARA_074 INT(11) NOT NULL DEFAULT 0,
			CDMAPARA_075 INT(11) NOT NULL DEFAULT 0,
			CDMAPARA_076 INT(11) NOT NULL DEFAULT 0,
			CDMAPARA_077 INT(11) NOT NULL DEFAULT 0,
			CDMAPARA_078 INT(11) NOT NULL DEFAULT 0,
			CDMAPARA_079 INT(11) NOT NULL DEFAULT 0,
			PRIMARY KEY  (BUSSOP_ID, SEQ)
			) ENGINE=MyISAM DEFAULT CHARSET=utf8;

DROP TABLE IF EXISTS BUSSOP_RESULT_PESQ;
CREATE TABLE BUSSOP_RESULT_PESQ (
			COMM_ID      INT(11) AUTO_INCREMENT NOT NULL,
			BUSSOP_ID    VARCHAR(64) NOT NULL DEFAULT '',
			CALLER       VARCHAR(20) NOT NULL DEFAULT '',
			CALLED       VARCHAR(20) NOT NULL DEFAULT '',
			DSTFNAME     VARCHAR(200)NOT NULL DEFAULT '', 
			RESULT1      FLOAT DEFAULT 0.0,
			RESULT2      FLOAT DEFAULT 0.0,
			RESULT3      FLOAT DEFAULT 0.0,
			PRIMARY KEY (COMM_ID)
			) ENGINE=MyISAM DEFAULT CHARSET=utf8;

DROP TABLE IF EXISTS CONFIG_BUSSOP_EXCEPTION;
CREATE TABLE CONFIG_BUSSOP_EXCEPTION (
			BUSSOPEXEC_ID    VARCHAR(16) NOT NULL DEFAULT 'DATMOUTA',
			BUSSOP_TYPE      VARCHAR(2) NOT NULL DEFAULT 'DA',
			BUSSOPEXEC_TYPE  VARCHAR(10) NOT NULL DEFAULT 'TMOUT',
			BUSSOPEXEC_LEVEL VARCHAR(1) NOT NULL DEFAULT 'A',
			DES              VARCHAR(100) NOT NULL DEFAULT 'PING测试超时 警告级别',
			TIMES            INT(11)      NOT NULL DEFAULT 1,
			MINVALUE         VARCHAR(15)  NOT NULL DEFAULT 'NULL',
			MAXVALUE         VARCHAR(15)  NOT NULL DEFAULT 'NULL',
			RECALC_TIME      DATETIME     NOT NULL,
			PRIMARY KEY (BUSSOPEXEC_ID)
			) ENGINE=MyISAM DEFAULT CHARSET=utf8;

DROP TABLE IF EXISTS BUSSOP_EXCEPTION_RESULT;
CREATE TABLE BUSSOP_EXCEPTION_RESULT (
			COMM_ID         INT(11) AUTO_INCREMENT NOT NULL,
			BUSSOP_ID       VARCHAR(64) NOT NULL,
			BUSSOPEXEC_ID   VARCHAR(16) NOT NULL,   
			PRIMARY KEY (COMM_ID)
			) ENGINE=MyISAM DEFAULT CHARSET=utf8;

DROP TABLE IF EXISTS YW_CITY_REGIONAL;
CREATE TABLE YW_CITY_REGIONAL (
		CITY_REGIONAL_ID	  VARCHAR(128) NOT NULL,
		CITY_REGIONAL_NAME	VARCHAR(64) NOT NULL default '',
		CITY_REGIONAL_OID	  VARCHAR(128) NOT NULL default 0,
		TYPE			          INT(11) NOT NULL default 0,
		PRIMARY KEY (CITY_REGIONAL_ID)
		) ENGINE=MyISAM DEFAULT CHARSET=utf8;


---- INITIAL TABLE DATA
-- USER
INSERT INTO USERS(USER_NAME, USER_PWD) VALUES('admin', 'admin');


-- CONFIG_BUSS
DELETE FROM CONFIG_BUSS;
INSERT INTO CONFIG_BUSS(BUSS_TYPE, DES) VALUES('A', '版本升级');
INSERT INTO CONFIG_BUSS(BUSS_TYPE, DES) VALUES('B', 'CQT');
INSERT INTO CONFIG_BUSS(BUSS_TYPE, DES) VALUES('C', 'PESQ');
INSERT INTO CONFIG_BUSS(BUSS_TYPE, DES) VALUES('D', 'PING');
INSERT INTO CONFIG_BUSS(BUSS_TYPE, DES) VALUES('E', 'FTP');
INSERT INTO CONFIG_BUSS(BUSS_TYPE, DES) VALUES('F', 'HTTP');
INSERT INTO CONFIG_BUSS(BUSS_TYPE, DES) VALUES('G', 'CDMA参数采集');
INSERT INTO CONFIG_BUSS(BUSS_TYPE, DES) VALUES('H', '终端配置');

-- CONFIG_BUSSOP
DELETE FROM CONFIG_BUSSOP;
INSERT INTO CONFIG_BUSSOP(BUSSOP_TYPE, BUSS_TYPE, DES) VALUES('AA', 'A', '版本查询');
INSERT INTO CONFIG_BUSSOP(BUSSOP_TYPE, BUSS_TYPE, DES) VALUES('AB', 'A', '版本升级');
INSERT INTO CONFIG_BUSSOP(BUSSOP_TYPE, BUSS_TYPE, DES) VALUES('AC', 'A', '版本回滚');
INSERT INTO CONFIG_BUSSOP(BUSSOP_TYPE, BUSS_TYPE, DES) VALUES('BA', 'B', 'CQT测试之终端呼核心网');
INSERT INTO CONFIG_BUSSOP(BUSSOP_TYPE, BUSS_TYPE, DES) VALUES('BB', 'B', 'CQT测试之终端呼终端');
INSERT INTO CONFIG_BUSSOP(BUSSOP_TYPE, BUSS_TYPE, DES) VALUES('CA', 'C', 'PESQ测试之核心网呼终端');
INSERT INTO CONFIG_BUSSOP(BUSSOP_TYPE, BUSS_TYPE, DES) VALUES('CB', 'C', 'PESQ测试之终端呼终端');
INSERT INTO CONFIG_BUSSOP(BUSSOP_TYPE, BUSS_TYPE, DES) VALUES('DA', 'D', 'PING测试');
INSERT INTO CONFIG_BUSSOP(BUSSOP_TYPE, BUSS_TYPE, DES) VALUES('EA', 'E', 'FTP测试');
INSERT INTO CONFIG_BUSSOP(BUSSOP_TYPE, BUSS_TYPE, DES) VALUES('FA', 'F', 'HTTP测试');
INSERT INTO CONFIG_BUSSOP(BUSSOP_TYPE, BUSS_TYPE, DES) VALUES('GA', 'G', 'CDMA参数采集');
INSERT INTO CONFIG_BUSSOP(BUSSOP_TYPE, BUSS_TYPE, DES) VALUES('HA', 'H', '终端密码修改');

DELETE FROM CONFIG_CDMAPARAM;
INSERT INTO CONFIG_CDMAPARAM (CDMAPARAM_CODE, TERMCONF_NAME, BUSSOP_RESULT_NAME, BUSSOP_RESULT_DBNAME) 
				VALUES ('001', 'CHN', 'CHN', 'CDMAPARA_001');
INSERT INTO CONFIG_CDMAPARAM (CDMAPARAM_CODE, TERMCONF_NAME, BUSSOP_RESULT_NAME, BUSSOP_RESULT_DBNAME) 
				VALUES ('002', 'PN', 'PN', 'CDMAPARA_002');
INSERT INTO CONFIG_CDMAPARAM (CDMAPARAM_CODE, TERMCONF_NAME, BUSSOP_RESULT_NAME, BUSSOP_RESULT_DBNAME) 
				VALUES ('003', 'SYSID', 'SYSID', 'CDMAPARA_003');
INSERT INTO CONFIG_CDMAPARAM (CDMAPARAM_CODE, TERMCONF_NAME, BUSSOP_RESULT_NAME, BUSSOP_RESULT_DBNAME) 
				VALUES ('004', 'NETID', 'NETID', 'CDMAPARA_004');
INSERT INTO CONFIG_CDMAPARAM (CDMAPARAM_CODE, TERMCONF_NAME, BUSSOP_RESULT_NAME, BUSSOP_RESULT_DBNAME) 
				VALUES ('005', 'SLOT', 'SLOT', 'CDMAPARA_005');
INSERT INTO CONFIG_CDMAPARAM (CDMAPARAM_CODE, TERMCONF_NAME, BUSSOP_RESULT_NAME, BUSSOP_RESULT_DBNAME) 
				VALUES ('006', 'RSSI', 'RSSI', 'CDMAPARA_006');
INSERT INTO CONFIG_CDMAPARAM (CDMAPARAM_CODE, TERMCONF_NAME, BUSSOP_RESULT_NAME, BUSSOP_RESULT_DBNAME) 
				VALUES ('007', 'Total ECIO', 'Total ECIO', 'CDMAPARA_007');
INSERT INTO CONFIG_CDMAPARAM (CDMAPARAM_CODE, TERMCONF_NAME, BUSSOP_RESULT_NAME, BUSSOP_RESULT_DBNAME) 
				VALUES ('008', 'Max ECIO', 'Max ECIO', 'CDMAPARA_008');
INSERT INTO CONFIG_CDMAPARAM (CDMAPARAM_CODE, TERMCONF_NAME, BUSSOP_RESULT_NAME, BUSSOP_RESULT_DBNAME) 
				VALUES ('009', 'TX_Pwr', 'TX_Pwr', 'CDMAPARA_009');
INSERT INTO CONFIG_CDMAPARAM (CDMAPARAM_CODE, TERMCONF_NAME, BUSSOP_RESULT_NAME, BUSSOP_RESULT_DBNAME) 
				VALUES ('010', 'TxAdj', 'TxAdj', 'CDMAPARA_010');								
INSERT INTO CONFIG_CDMAPARAM (CDMAPARAM_CODE, TERMCONF_NAME, BUSSOP_RESULT_NAME, BUSSOP_RESULT_DBNAME) 
				VALUES ('011', 'FFER', 'FFER', 'CDMAPARA_011');
INSERT INTO CONFIG_CDMAPARAM (CDMAPARAM_CODE, TERMCONF_NAME, BUSSOP_RESULT_NAME, BUSSOP_RESULT_DBNAME) 
				VALUES ('012', 'RX_AGC', 'RX_AGC', 'CDMAPARA_012');
INSERT INTO CONFIG_CDMAPARAM (CDMAPARAM_CODE, TERMCONF_NAME, BUSSOP_RESULT_NAME, BUSSOP_RESULT_DBNAME) 
				VALUES ('013', 'FRAB', 'FRAB', 'CDMAPARA_013');
INSERT INTO CONFIG_CDMAPARAM (CDMAPARAM_CODE, TERMCONF_NAME, BUSSOP_RESULT_NAME, BUSSOP_RESULT_DBNAME) 
				VALUES ('014', 'DRC_Value', 'DRC_Value', 'CDMAPARA_014');
INSERT INTO CONFIG_CDMAPARAM (CDMAPARAM_CODE, TERMCONF_NAME, BUSSOP_RESULT_NAME, BUSSOP_RESULT_DBNAME) 
				VALUES ('015', 'EV_RxAGC0', 'EV_RxAGC0', 'CDMAPARA_015');
INSERT INTO CONFIG_CDMAPARAM (CDMAPARAM_CODE, TERMCONF_NAME, BUSSOP_RESULT_NAME, BUSSOP_RESULT_DBNAME) 
				VALUES ('016', 'EV_RxAGC1', 'EV_RxAGC1', 'CDMAPARA_016');
INSERT INTO CONFIG_CDMAPARAM (CDMAPARAM_CODE, TERMCONF_NAME, BUSSOP_RESULT_NAME, BUSSOP_RESULT_DBNAME) 
				VALUES ('017', 'EV_TxAGC', 'EV_TxAGC', 'CDMAPARA_017');
INSERT INTO CONFIG_CDMAPARAM (CDMAPARAM_CODE, TERMCONF_NAME, BUSSOP_RESULT_NAME, BUSSOP_RESULT_DBNAME) 
				VALUES ('018', 'TxPilotPower', 'TxPilotPower', 'CDMAPARA_018');
INSERT INTO CONFIG_CDMAPARAM (CDMAPARAM_CODE, TERMCONF_NAME, BUSSOP_RESULT_NAME, BUSSOP_RESULT_DBNAME) 
				VALUES ('019', 'TxOpenLoopPower', 'TxOpenLoopPower', 'CDMAPARA_019');
INSERT INTO CONFIG_CDMAPARAM (CDMAPARAM_CODE, TERMCONF_NAME, BUSSOP_RESULT_NAME, BUSSOP_RESULT_DBNAME) 
				VALUES ('020', 'TxClosedLoopAdjust', 'TxClosedLoopAdjust', 'CDMAPARA_020');	
INSERT INTO CONFIG_CDMAPARAM (CDMAPARAM_CODE, TERMCONF_NAME, BUSSOP_RESULT_NAME, BUSSOP_RESULT_DBNAME) 
				VALUES ('021', 'TotalSINR', 'TotalSINR', 'CDMAPARA_021');
INSERT INTO CONFIG_CDMAPARAM (CDMAPARAM_CODE, TERMCONF_NAME, BUSSOP_RESULT_NAME, BUSSOP_RESULT_DBNAME) 
				VALUES ('022', 'EV_Frequency', 'EV_Frequency', 'CDMAPARA_022');
INSERT INTO CONFIG_CDMAPARAM (CDMAPARAM_CODE, TERMCONF_NAME, BUSSOP_RESULT_NAME, BUSSOP_RESULT_DBNAME) 
				VALUES ('023', 'Band', 'Band', 'CDMAPARA_023');
INSERT INTO CONFIG_CDMAPARAM (CDMAPARAM_CODE, TERMCONF_NAME, BUSSOP_RESULT_NAME, BUSSOP_RESULT_DBNAME) 
				VALUES ('024', 'ServingSectorPN', 'ServingSectorPN', 'CDMAPARA_024');
INSERT INTO CONFIG_CDMAPARAM (CDMAPARAM_CODE, TERMCONF_NAME, BUSSOP_RESULT_NAME, BUSSOP_RESULT_DBNAME) 
				VALUES ('025', 'EV_RxPER', 'EV_RxPER', 'CDMAPARA_025');
INSERT INTO CONFIG_CDMAPARAM (CDMAPARAM_CODE, TERMCONF_NAME, BUSSOP_RESULT_NAME, BUSSOP_RESULT_DBNAME) 
				VALUES ('026', 'SessionState', 'SessionState', 'CDMAPARA_026');
INSERT INTO CONFIG_CDMAPARAM (CDMAPARAM_CODE, TERMCONF_NAME, BUSSOP_RESULT_NAME, BUSSOP_RESULT_DBNAME) 
				VALUES ('027', 'ATState', 'ATState', 'CDMAPARA_027');
INSERT INTO CONFIG_CDMAPARAM (CDMAPARAM_CODE, TERMCONF_NAME, BUSSOP_RESULT_NAME, BUSSOP_RESULT_DBNAME) 
				VALUES ('028', 'ALMPState', 'ALMPState', 'CDMAPARA_028');
INSERT INTO CONFIG_CDMAPARAM (CDMAPARAM_CODE, TERMCONF_NAME, BUSSOP_RESULT_NAME, BUSSOP_RESULT_DBNAME) 
				VALUES ('029', 'InitState', 'InitState', 'CDMAPARA_029');
INSERT INTO CONFIG_CDMAPARAM (CDMAPARAM_CODE, TERMCONF_NAME, BUSSOP_RESULT_NAME, BUSSOP_RESULT_DBNAME) 
				VALUES ('030', 'IdleState', 'IdleState', 'CDMAPARA_030');
INSERT INTO CONFIG_CDMAPARAM (CDMAPARAM_CODE, TERMCONF_NAME, BUSSOP_RESULT_NAME, BUSSOP_RESULT_DBNAME) 
				VALUES ('031', 'OverheadState', 'OverheadState', 'CDMAPARA_031');
INSERT INTO CONFIG_CDMAPARAM (CDMAPARAM_CODE, TERMCONF_NAME, BUSSOP_RESULT_NAME, BUSSOP_RESULT_DBNAME) 
				VALUES ('032', 'ConnectedState', 'ConnectedState', 'CDMAPARA_032');
INSERT INTO CONFIG_CDMAPARAM (CDMAPARAM_CODE, TERMCONF_NAME, BUSSOP_RESULT_NAME, BUSSOP_RESULT_DBNAME) 
				VALUES ('033', 'RouteUpdateState', 'RouteUpdateState', 'CDMAPARA_033');
INSERT INTO CONFIG_CDMAPARAM (CDMAPARAM_CODE, TERMCONF_NAME, BUSSOP_RESULT_NAME, BUSSOP_RESULT_DBNAME) 
				VALUES ('034', 'HDRHybirdModeState', 'HDRHybirdModeState', 'CDMAPARA_034');
INSERT INTO CONFIG_CDMAPARAM (CDMAPARAM_CODE, TERMCONF_NAME, BUSSOP_RESULT_NAME, BUSSOP_RESULT_DBNAME) 
				VALUES ('035', 'BSID', 'BSID', 'CDMAPARA_035');
INSERT INTO CONFIG_CDMAPARAM (CDMAPARAM_CODE, TERMCONF_NAME, BUSSOP_RESULT_NAME, BUSSOP_RESULT_DBNAME) 
				VALUES ('036', 'WALSH', 'WALSH', 'CDMAPARA_036');
INSERT INTO CONFIG_CDMAPARAM (CDMAPARAM_CODE, TERMCONF_NAME, BUSSOP_RESULT_NAME, BUSSOP_RESULT_DBNAME) 
				VALUES ('037', 'MACIndex', 'MACIndex', 'CDMAPARA_037');
INSERT INTO CONFIG_CDMAPARAM (CDMAPARAM_CODE, TERMCONF_NAME, BUSSOP_RESULT_NAME, BUSSOP_RESULT_DBNAME) 
				VALUES ('038', 'BESTSINR', 'BESTSINR', 'CDMAPARA_038');
INSERT INTO CONFIG_CDMAPARAM (CDMAPARAM_CODE, TERMCONF_NAME, BUSSOP_RESULT_NAME, BUSSOP_RESULT_DBNAME) 
				VALUES ('039', 'EV_RxRLPThrPUTInstant', 'EV_RxRLPThrPUTInstant', 'CDMAPARA_039');
INSERT INTO CONFIG_CDMAPARAM (CDMAPARAM_CODE, TERMCONF_NAME, BUSSOP_RESULT_NAME, BUSSOP_RESULT_DBNAME) 
				VALUES ('040', 'EV_TxRLPThrPUTInstant', 'EV_TxRLPThrPUTInstant', 'CDMAPARA_040');
INSERT INTO CONFIG_CDMAPARAM (CDMAPARAM_CODE, TERMCONF_NAME, BUSSOP_RESULT_NAME, BUSSOP_RESULT_DBNAME) 
				VALUES ('041', 'ECIO', 'ECIO', 'CDMAPARA_041');
INSERT INTO CONFIG_CDMAPARAM (CDMAPARAM_CODE, TERMCONF_NAME, BUSSOP_RESULT_NAME, BUSSOP_RESULT_DBNAME) 
				VALUES ('042', 'SRCH_WIN_A', 'SRCH_WIN_A', 'CDMAPARA_042');
INSERT INTO CONFIG_CDMAPARAM (CDMAPARAM_CODE, TERMCONF_NAME, BUSSOP_RESULT_NAME, BUSSOP_RESULT_DBNAME) 
				VALUES ('043', 'SRCH_WIN_N', 'SRCH_WIN_N', 'CDMAPARA_043');
INSERT INTO CONFIG_CDMAPARAM (CDMAPARAM_CODE, TERMCONF_NAME, BUSSOP_RESULT_NAME, BUSSOP_RESULT_DBNAME) 
				VALUES ('044', 'SRCH_WIN_R', 'SRCH_WIN_R', 'CDMAPARA_044');
INSERT INTO CONFIG_CDMAPARAM (CDMAPARAM_CODE, TERMCONF_NAME, BUSSOP_RESULT_NAME, BUSSOP_RESULT_DBNAME) 
				VALUES ('045', 'PILOT_PN(active)', 'PILOT_PN(active)', 'CDMAPARA_045');
INSERT INTO CONFIG_CDMAPARAM (CDMAPARAM_CODE, TERMCONF_NAME, BUSSOP_RESULT_NAME, BUSSOP_RESULT_DBNAME) 
				VALUES ('046', 'PILOT_INC', 'PILOT_INC', 'CDMAPARA_046');
INSERT INTO CONFIG_CDMAPARAM (CDMAPARAM_CODE, TERMCONF_NAME, BUSSOP_RESULT_NAME, BUSSOP_RESULT_DBNAME) 
				VALUES ('047', 'T_ADD', 'T_ADD', 'CDMAPARA_047');
INSERT INTO CONFIG_CDMAPARAM (CDMAPARAM_CODE, TERMCONF_NAME, BUSSOP_RESULT_NAME, BUSSOP_RESULT_DBNAME) 
				VALUES ('048', 'T_DROP', 'T_DROP', 'CDMAPARA_048');
INSERT INTO CONFIG_CDMAPARAM (CDMAPARAM_CODE, TERMCONF_NAME, BUSSOP_RESULT_NAME, BUSSOP_RESULT_DBNAME) 
				VALUES ('049', 'T_COMP', 'T_COMP', 'CDMAPARA_049');
INSERT INTO CONFIG_CDMAPARAM (CDMAPARAM_CODE, TERMCONF_NAME, BUSSOP_RESULT_NAME, BUSSOP_RESULT_DBNAME) 
				VALUES ('050', 'T_TDROP', 'T_TDROP', 'CDMAPARA_050');
INSERT INTO CONFIG_CDMAPARAM (CDMAPARAM_CODE, TERMCONF_NAME, BUSSOP_RESULT_NAME, BUSSOP_RESULT_DBNAME) 
				VALUES ('051', 'T_COMP_HARD', 'T_COMP_HARD', 'CDMAPARA_051');
INSERT INTO CONFIG_CDMAPARAM (CDMAPARAM_CODE, TERMCONF_NAME, BUSSOP_RESULT_NAME, BUSSOP_RESULT_DBNAME) 
				VALUES ('052', 'Total C_I', 'Total C_I', 'CDMAPARA_052');
INSERT INTO CONFIG_CDMAPARAM (CDMAPARAM_CODE, TERMCONF_NAME, BUSSOP_RESULT_NAME, BUSSOP_RESULT_DBNAME) 
				VALUES ('053', 'DRC_Index', 'DRC_Index', 'CDMAPARA_053');
INSERT INTO CONFIG_CDMAPARAM (CDMAPARAM_CODE, TERMCONF_NAME, BUSSOP_RESULT_NAME, BUSSOP_RESULT_DBNAME) 
				VALUES ('054', 'DRC_Cover', 'DRC_Cover', 'CDMAPARA_054');
INSERT INTO CONFIG_CDMAPARAM (CDMAPARAM_CODE, TERMCONF_NAME, BUSSOP_RESULT_NAME, BUSSOP_RESULT_DBNAME) 
				VALUES ('055', 'ActiveCount', 'ActiveCount', 'CDMAPARA_055');
INSERT INTO CONFIG_CDMAPARAM (CDMAPARAM_CODE, TERMCONF_NAME, BUSSOP_RESULT_NAME, BUSSOP_RESULT_DBNAME) 
				VALUES ('056', 'UATI', 'UATI', 'CDMAPARA_056');
INSERT INTO CONFIG_CDMAPARAM (CDMAPARAM_CODE, TERMCONF_NAME, BUSSOP_RESULT_NAME, BUSSOP_RESULT_DBNAME) 
				VALUES ('057', 'EV_Duplicate_Rate', 'EV_Duplicate_Rate', 'CDMAPARA_057');
INSERT INTO CONFIG_CDMAPARAM (CDMAPARAM_CODE, TERMCONF_NAME, BUSSOP_RESULT_NAME, BUSSOP_RESULT_DBNAME) 
				VALUES ('058', 'EV_RLP_ERROR_Rate(Rx,Tx)', 'EV_RLP_ERROR_Rate(Rx,Tx)', 'CDMAPARA_058');
INSERT INTO CONFIG_CDMAPARAM (CDMAPARAM_CODE, TERMCONF_NAME, BUSSOP_RESULT_NAME, BUSSOP_RESULT_DBNAME) 
				VALUES ('059', 'EV_RLPRtxRate(Rx,Tx)', 'EV_RLPRtxRate(Rx,Tx)', 'CDMAPARA_059');
INSERT INTO CONFIG_CDMAPARAM (CDMAPARAM_CODE, TERMCONF_NAME, BUSSOP_RESULT_NAME, BUSSOP_RESULT_DBNAME) 
				VALUES ('060', 'Ev_Rx_PacketThroughput', 'Ev_Rx_PacketThroughput', 'CDMAPARA_060');
INSERT INTO CONFIG_CDMAPARAM (CDMAPARAM_CODE, TERMCONF_NAME, BUSSOP_RESULT_NAME, BUSSOP_RESULT_DBNAME) 
				VALUES ('061', 'EV_TxPacketThroughput', 'EV_TxPacketThroughput', 'CDMAPARA_061');
INSERT INTO CONFIG_CDMAPARAM (CDMAPARAM_CODE, TERMCONF_NAME, BUSSOP_RESULT_NAME, BUSSOP_RESULT_DBNAME) 
				VALUES ('062', 'EV_TxPER', 'EV_TxPER', 'CDMAPARA_062');
INSERT INTO CONFIG_CDMAPARAM (CDMAPARAM_CODE, TERMCONF_NAME, BUSSOP_RESULT_NAME, BUSSOP_RESULT_DBNAME) 
				VALUES ('063', 'Rx_Su_Packet_Throughput', 'Rx_Su_Packet_Throughput', 'CDMAPARA_063');
INSERT INTO CONFIG_CDMAPARAM (CDMAPARAM_CODE, TERMCONF_NAME, BUSSOP_RESULT_NAME, BUSSOP_RESULT_DBNAME) 
				VALUES ('064', 'Rx_Mu_Packet_Throughput', 'Rx_Mu_Packet_Throughput', 'CDMAPARA_064');
INSERT INTO CONFIG_CDMAPARAM (CDMAPARAM_CODE, TERMCONF_NAME, BUSSOP_RESULT_NAME, BUSSOP_RESULT_DBNAME) 
				VALUES ('065', 'Rx_Su_PER', 'Rx_Su_PER', 'CDMAPARA_065');
INSERT INTO CONFIG_CDMAPARAM (CDMAPARAM_CODE, TERMCONF_NAME, BUSSOP_RESULT_NAME, BUSSOP_RESULT_DBNAME) 
				VALUES ('066', 'Rx_Mu_PER', 'Rx_Mu_PER', 'CDMAPARA_066');
	
-- CONFIG_TERMINAL_CDMAPARAM
DELETE FROM CONFIG_TERMINAL_CDMAPARAM_BK;
INSERT INTO CONFIG_TERMINAL_CDMAPARAM_BK (TERMINAL_ID, CDMAPARAM_CODE, IDLE_HIGH, IDLE_LOW, ACTIVE_HIGH, ACTIVE_LOW, STATUS, IMPORTANT)
		VALUES ('TERMINAL_ID_DEFAULT', '001', 'NULL', 'NULL', 'NULL', 'NULL', 'I/C/D', '');
INSERT INTO CONFIG_TERMINAL_CDMAPARAM_BK (TERMINAL_ID, CDMAPARAM_CODE, IDLE_HIGH, IDLE_LOW, ACTIVE_HIGH, ACTIVE_LOW, STATUS, IMPORTANT)
		VALUES ('TERMINAL_ID_DEFAULT', '002', 'NULL', 'NULL', 'NULL', 'NULL', 'I/C/D', '');
INSERT INTO CONFIG_TERMINAL_CDMAPARAM_BK (TERMINAL_ID, CDMAPARAM_CODE, IDLE_HIGH, IDLE_LOW, ACTIVE_HIGH, ACTIVE_LOW, STATUS, IMPORTANT)
		VALUES ('TERMINAL_ID_DEFAULT', '003', 'NULL', 'NULL', 'NULL', 'NULL', 'I/C/D', '');
INSERT INTO CONFIG_TERMINAL_CDMAPARAM_BK (TERMINAL_ID, CDMAPARAM_CODE, IDLE_HIGH, IDLE_LOW, ACTIVE_HIGH, ACTIVE_LOW, STATUS, IMPORTANT)
		VALUES ('TERMINAL_ID_DEFAULT', '004', 'NULL', 'NULL', 'NULL', 'NULL', 'I/C/D', '');
INSERT INTO CONFIG_TERMINAL_CDMAPARAM_BK (TERMINAL_ID, CDMAPARAM_CODE, IDLE_HIGH, IDLE_LOW, ACTIVE_HIGH, ACTIVE_LOW, STATUS, IMPORTANT)
		VALUES ('TERMINAL_ID_DEFAULT', '005', 'NULL', 'NULL', 'NULL', 'NULL', 'D', '');
INSERT INTO CONFIG_TERMINAL_CDMAPARAM_BK (TERMINAL_ID, CDMAPARAM_CODE, IDLE_HIGH, IDLE_LOW, ACTIVE_HIGH, ACTIVE_LOW, STATUS, IMPORTANT)
		VALUES ('TERMINAL_ID_DEFAULT', '006', '0', '-110', '0', '-110', 'I/C/D', 'V');
INSERT INTO CONFIG_TERMINAL_CDMAPARAM_BK (TERMINAL_ID, CDMAPARAM_CODE, IDLE_HIGH, IDLE_LOW, ACTIVE_HIGH, ACTIVE_LOW, STATUS, IMPORTANT)
		VALUES ('TERMINAL_ID_DEFAULT', '007', '0', '-26DB', '0', '-26DB', 'I/C/D', '');
INSERT INTO CONFIG_TERMINAL_CDMAPARAM_BK (TERMINAL_ID, CDMAPARAM_CODE, IDLE_HIGH, IDLE_LOW, ACTIVE_HIGH, ACTIVE_LOW, STATUS, IMPORTANT)
		VALUES ('TERMINAL_ID_DEFAULT', '008', '0', '-26db', '0', '-26db', 'I/C/D', 'V');
INSERT INTO CONFIG_TERMINAL_CDMAPARAM_BK (TERMINAL_ID, CDMAPARAM_CODE, IDLE_HIGH, IDLE_LOW, ACTIVE_HIGH, ACTIVE_LOW, STATUS, IMPORTANT)
		VALUES ('TERMINAL_ID_DEFAULT', '009', 'NULL', 'NULL', '+23dbM', '-63dbM', 'C/D', 'V');
INSERT INTO CONFIG_TERMINAL_CDMAPARAM_BK (TERMINAL_ID, CDMAPARAM_CODE, IDLE_HIGH, IDLE_LOW, ACTIVE_HIGH, ACTIVE_LOW, STATUS, IMPORTANT)
		VALUES ('TERMINAL_ID_DEFAULT', '010', 'NULL', 'NULL', '0DB', '-15DB', 'C/D', '');
INSERT INTO CONFIG_TERMINAL_CDMAPARAM_BK (TERMINAL_ID, CDMAPARAM_CODE, IDLE_HIGH, IDLE_LOW, ACTIVE_HIGH, ACTIVE_LOW, STATUS, IMPORTANT)
		VALUES ('TERMINAL_ID_DEFAULT', '011', 'NULL', 'NULL', '100%', '0%', 'C/D' ,'V');
INSERT INTO CONFIG_TERMINAL_CDMAPARAM_BK (TERMINAL_ID, CDMAPARAM_CODE, IDLE_HIGH, IDLE_LOW, ACTIVE_HIGH, ACTIVE_LOW, STATUS, IMPORTANT)
		VALUES ('TERMINAL_ID_DEFAULT', '012', '0', '-110', '0', '-110', 'I/C/D', 'V');
INSERT INTO CONFIG_TERMINAL_CDMAPARAM_BK (TERMINAL_ID, CDMAPARAM_CODE, IDLE_HIGH, IDLE_LOW, ACTIVE_HIGH, ACTIVE_LOW, STATUS, IMPORTANT)
		VALUES ('TERMINAL_ID_DEFAULT', '013', 'NULL', 'NULL', '1', '-1', 'D', 'V');
INSERT INTO CONFIG_TERMINAL_CDMAPARAM_BK (TERMINAL_ID, CDMAPARAM_CODE, IDLE_HIGH, IDLE_LOW, ACTIVE_HIGH, ACTIVE_LOW, STATUS, IMPORTANT)
		VALUES ('TERMINAL_ID_DEFAULT', '014', 'NULL', 'NULL', 'NULL', 'NULL', 'D', 'V');
INSERT INTO CONFIG_TERMINAL_CDMAPARAM_BK (TERMINAL_ID, CDMAPARAM_CODE, IDLE_HIGH, IDLE_LOW, ACTIVE_HIGH, ACTIVE_LOW, STATUS, IMPORTANT)
		VALUES ('TERMINAL_ID_DEFAULT', '015', '0', '-110', '0', '-110', 'I/D', 'V');
INSERT INTO CONFIG_TERMINAL_CDMAPARAM_BK (TERMINAL_ID, CDMAPARAM_CODE, IDLE_HIGH, IDLE_LOW, ACTIVE_HIGH, ACTIVE_LOW, STATUS, IMPORTANT)
		VALUES ('TERMINAL_ID_DEFAULT', '016', '0', '-110', '0', '-110', 'I/D', '');
INSERT INTO CONFIG_TERMINAL_CDMAPARAM_BK (TERMINAL_ID, CDMAPARAM_CODE, IDLE_HIGH, IDLE_LOW, ACTIVE_HIGH, ACTIVE_LOW, STATUS, IMPORTANT)
		VALUES ('TERMINAL_ID_DEFAULT', '017', 'NULL', 'NULL', '+23dbM', '-63dbM', 'D', '');
INSERT INTO CONFIG_TERMINAL_CDMAPARAM_BK (TERMINAL_ID, CDMAPARAM_CODE, IDLE_HIGH, IDLE_LOW, ACTIVE_HIGH, ACTIVE_LOW, STATUS, IMPORTANT)
		VALUES ('TERMINAL_ID_DEFAULT', '018', 'NULL', 'NULL', '+23dbM', '-63dbM', 'C/D', 'V');
INSERT INTO CONFIG_TERMINAL_CDMAPARAM_BK (TERMINAL_ID, CDMAPARAM_CODE, IDLE_HIGH, IDLE_LOW, ACTIVE_HIGH, ACTIVE_LOW, STATUS, IMPORTANT)
		VALUES ('TERMINAL_ID_DEFAULT', '019', 'NULL', 'NULL', '10DB', '0DB', 'C/D', '');
INSERT INTO CONFIG_TERMINAL_CDMAPARAM_BK (TERMINAL_ID, CDMAPARAM_CODE, IDLE_HIGH, IDLE_LOW, ACTIVE_HIGH, ACTIVE_LOW, STATUS, IMPORTANT)
		VALUES ('TERMINAL_ID_DEFAULT', '020', 'NULL', 'NULL', '10DB', '0DB', 'C/D', '');
INSERT INTO CONFIG_TERMINAL_CDMAPARAM_BK (TERMINAL_ID, CDMAPARAM_CODE, IDLE_HIGH, IDLE_LOW, ACTIVE_HIGH, ACTIVE_LOW, STATUS, IMPORTANT)
		VALUES ('TERMINAL_ID_DEFAULT', '021', 'NULL', 'NULL', '15DB', '0DB', 'D', '');
INSERT INTO CONFIG_TERMINAL_CDMAPARAM_BK (TERMINAL_ID, CDMAPARAM_CODE, IDLE_HIGH, IDLE_LOW, ACTIVE_HIGH, ACTIVE_LOW, STATUS, IMPORTANT)
		VALUES ('TERMINAL_ID_DEFAULT', '022', 'NULL', 'NULL', 'NULL', 'NULL', 'I/D', '');
INSERT INTO CONFIG_TERMINAL_CDMAPARAM_BK (TERMINAL_ID, CDMAPARAM_CODE, IDLE_HIGH, IDLE_LOW, ACTIVE_HIGH, ACTIVE_LOW, STATUS, IMPORTANT)
		VALUES ('TERMINAL_ID_DEFAULT', '023', 'NULL', 'NULL', 'NULL', 'NULL', 'I/C/D', '');
INSERT INTO CONFIG_TERMINAL_CDMAPARAM_BK (TERMINAL_ID, CDMAPARAM_CODE, IDLE_HIGH, IDLE_LOW, ACTIVE_HIGH, ACTIVE_LOW, STATUS, IMPORTANT)
		VALUES ('TERMINAL_ID_DEFAULT', '024', '511', '0', '511', '0', 'I/C/D', '');
INSERT INTO CONFIG_TERMINAL_CDMAPARAM_BK (TERMINAL_ID, CDMAPARAM_CODE, IDLE_HIGH, IDLE_LOW, ACTIVE_HIGH, ACTIVE_LOW, STATUS, IMPORTANT)
		VALUES ('TERMINAL_ID_DEFAULT', '025', 'NULL', 'NULL', '100%', '0%', 'D', 'V');
INSERT INTO CONFIG_TERMINAL_CDMAPARAM_BK (TERMINAL_ID, CDMAPARAM_CODE, IDLE_HIGH, IDLE_LOW, ACTIVE_HIGH, ACTIVE_LOW, STATUS, IMPORTANT)
		VALUES ('TERMINAL_ID_DEFAULT', '026', 'NULL', 'NULL', 'NULL', 'NULL', 'C/D', '');
INSERT INTO CONFIG_TERMINAL_CDMAPARAM_BK (TERMINAL_ID, CDMAPARAM_CODE, IDLE_HIGH, IDLE_LOW, ACTIVE_HIGH, ACTIVE_LOW, STATUS, IMPORTANT)
		VALUES ('TERMINAL_ID_DEFAULT', '027', 'NULL', 'NULL', 'NULL', 'NULL', 'I/C/D', '');
INSERT INTO CONFIG_TERMINAL_CDMAPARAM_BK (TERMINAL_ID, CDMAPARAM_CODE, IDLE_HIGH, IDLE_LOW, ACTIVE_HIGH, ACTIVE_LOW, STATUS, IMPORTANT)
		VALUES ('TERMINAL_ID_DEFAULT', '028', 'NULL', 'NULL', 'NULL', 'NULL', 'C/D', '');
INSERT INTO CONFIG_TERMINAL_CDMAPARAM_BK (TERMINAL_ID, CDMAPARAM_CODE, IDLE_HIGH, IDLE_LOW, ACTIVE_HIGH, ACTIVE_LOW, STATUS, IMPORTANT)
		VALUES ('TERMINAL_ID_DEFAULT', '029', 'NULL', 'NULL', 'NULL', 'NULL', 'I/C/D', '');
INSERT INTO CONFIG_TERMINAL_CDMAPARAM_BK (TERMINAL_ID, CDMAPARAM_CODE, IDLE_HIGH, IDLE_LOW, ACTIVE_HIGH, ACTIVE_LOW, STATUS, IMPORTANT)
		VALUES ('TERMINAL_ID_DEFAULT', '030', 'NULL', 'NULL', 'NULL', 'NULL', 'I', '');
INSERT INTO CONFIG_TERMINAL_CDMAPARAM_BK (TERMINAL_ID, CDMAPARAM_CODE, IDLE_HIGH, IDLE_LOW, ACTIVE_HIGH, ACTIVE_LOW, STATUS, IMPORTANT)
		VALUES ('TERMINAL_ID_DEFAULT', '031', 'NULL', 'NULL', 'NULL', 'NULL', 'C/D', '');
INSERT INTO CONFIG_TERMINAL_CDMAPARAM_BK (TERMINAL_ID, CDMAPARAM_CODE, IDLE_HIGH, IDLE_LOW, ACTIVE_HIGH, ACTIVE_LOW, STATUS, IMPORTANT)
		VALUES ('TERMINAL_ID_DEFAULT', '032', 'NULL', 'NULL', 'NULL', 'NULL', 'C/D', '');
INSERT INTO CONFIG_TERMINAL_CDMAPARAM_BK (TERMINAL_ID, CDMAPARAM_CODE, IDLE_HIGH, IDLE_LOW, ACTIVE_HIGH, ACTIVE_LOW, STATUS, IMPORTANT)
		VALUES ('TERMINAL_ID_DEFAULT', '033', 'NULL', 'NULL', 'NULL', 'NULL', 'C/D', '');
INSERT INTO CONFIG_TERMINAL_CDMAPARAM_BK (TERMINAL_ID, CDMAPARAM_CODE, IDLE_HIGH, IDLE_LOW, ACTIVE_HIGH, ACTIVE_LOW, STATUS, IMPORTANT)
		VALUES ('TERMINAL_ID_DEFAULT', '034', 'NULL', 'NULL', 'NULL', 'NULL', 'C/D', '');
INSERT INTO CONFIG_TERMINAL_CDMAPARAM_BK (TERMINAL_ID, CDMAPARAM_CODE, IDLE_HIGH, IDLE_LOW, ACTIVE_HIGH, ACTIVE_LOW, STATUS, IMPORTANT)
		VALUES ('TERMINAL_ID_DEFAULT', '035', 'NULL', 'NULL', 'NULL', 'NULL', 'I/C/D', '');
INSERT INTO CONFIG_TERMINAL_CDMAPARAM_BK (TERMINAL_ID, CDMAPARAM_CODE, IDLE_HIGH, IDLE_LOW, ACTIVE_HIGH, ACTIVE_LOW, STATUS, IMPORTANT)
		VALUES ('TERMINAL_ID_DEFAULT', '036', '127', '0', '127', '0', 'I/C/D', '');
INSERT INTO CONFIG_TERMINAL_CDMAPARAM_BK (TERMINAL_ID, CDMAPARAM_CODE, IDLE_HIGH, IDLE_LOW, ACTIVE_HIGH, ACTIVE_LOW, STATUS, IMPORTANT)
		VALUES ('TERMINAL_ID_DEFAULT', '037', 'NULL', 'NULL', '63', '5', 'D', '');
INSERT INTO CONFIG_TERMINAL_CDMAPARAM_BK (TERMINAL_ID, CDMAPARAM_CODE, IDLE_HIGH, IDLE_LOW, ACTIVE_HIGH, ACTIVE_LOW, STATUS, IMPORTANT)
		VALUES ('TERMINAL_ID_DEFAULT', '038', 'NULL', 'NULL', 'NULL', 'NULL', 'D', 'V');
INSERT INTO CONFIG_TERMINAL_CDMAPARAM_BK (TERMINAL_ID, CDMAPARAM_CODE, IDLE_HIGH, IDLE_LOW, ACTIVE_HIGH, ACTIVE_LOW, STATUS, IMPORTANT)
		VALUES ('TERMINAL_ID_DEFAULT', '039', 'NULL', 'NULL', 'NULL', 'NULL', 'D', '');
INSERT INTO CONFIG_TERMINAL_CDMAPARAM_BK (TERMINAL_ID, CDMAPARAM_CODE, IDLE_HIGH, IDLE_LOW, ACTIVE_HIGH, ACTIVE_LOW, STATUS, IMPORTANT)
		VALUES ('TERMINAL_ID_DEFAULT', '040', 'NULL', 'NULL', 'NULL', 'NULL', 'D', '');
INSERT INTO CONFIG_TERMINAL_CDMAPARAM_BK (TERMINAL_ID, CDMAPARAM_CODE, IDLE_HIGH, IDLE_LOW, ACTIVE_HIGH, ACTIVE_LOW, STATUS, IMPORTANT)
		VALUES ('TERMINAL_ID_DEFAULT', '041', '', '', '', '', '', '');
INSERT INTO CONFIG_TERMINAL_CDMAPARAM_BK (TERMINAL_ID, CDMAPARAM_CODE, IDLE_HIGH, IDLE_LOW, ACTIVE_HIGH, ACTIVE_LOW, STATUS, IMPORTANT)
		VALUES ('TERMINAL_ID_DEFAULT', '042', '', '', '', '', '', '');
INSERT INTO CONFIG_TERMINAL_CDMAPARAM_BK (TERMINAL_ID, CDMAPARAM_CODE, IDLE_HIGH, IDLE_LOW, ACTIVE_HIGH, ACTIVE_LOW, STATUS, IMPORTANT)
		VALUES ('TERMINAL_ID_DEFAULT', '043', '', '', '', '', '', '');
INSERT INTO CONFIG_TERMINAL_CDMAPARAM_BK (TERMINAL_ID, CDMAPARAM_CODE, IDLE_HIGH, IDLE_LOW, ACTIVE_HIGH, ACTIVE_LOW, STATUS, IMPORTANT)
		VALUES ('TERMINAL_ID_DEFAULT', '044', '', '', '', '', '', '');
INSERT INTO CONFIG_TERMINAL_CDMAPARAM_BK (TERMINAL_ID, CDMAPARAM_CODE, IDLE_HIGH, IDLE_LOW, ACTIVE_HIGH, ACTIVE_LOW, STATUS, IMPORTANT)
		VALUES ('TERMINAL_ID_DEFAULT', '045', '', '', '', '', '', '');
INSERT INTO CONFIG_TERMINAL_CDMAPARAM_BK (TERMINAL_ID, CDMAPARAM_CODE, IDLE_HIGH, IDLE_LOW, ACTIVE_HIGH, ACTIVE_LOW, STATUS, IMPORTANT)
		VALUES ('TERMINAL_ID_DEFAULT', '046', '', '', '', '', '', '');
INSERT INTO CONFIG_TERMINAL_CDMAPARAM_BK (TERMINAL_ID, CDMAPARAM_CODE, IDLE_HIGH, IDLE_LOW, ACTIVE_HIGH, ACTIVE_LOW, STATUS, IMPORTANT)
		VALUES ('TERMINAL_ID_DEFAULT', '047', '', '', '', '', '', '');
INSERT INTO CONFIG_TERMINAL_CDMAPARAM_BK (TERMINAL_ID, CDMAPARAM_CODE, IDLE_HIGH, IDLE_LOW, ACTIVE_HIGH, ACTIVE_LOW, STATUS, IMPORTANT)
		VALUES ('TERMINAL_ID_DEFAULT', '048', '', '', '', '', '', '');
INSERT INTO CONFIG_TERMINAL_CDMAPARAM_BK (TERMINAL_ID, CDMAPARAM_CODE, IDLE_HIGH, IDLE_LOW, ACTIVE_HIGH, ACTIVE_LOW, STATUS, IMPORTANT)
		VALUES ('TERMINAL_ID_DEFAULT', '049', '', '', '', '', '', '');
INSERT INTO CONFIG_TERMINAL_CDMAPARAM_BK (TERMINAL_ID, CDMAPARAM_CODE, IDLE_HIGH, IDLE_LOW, ACTIVE_HIGH, ACTIVE_LOW, STATUS, IMPORTANT)
		VALUES ('TERMINAL_ID_DEFAULT', '050', '', '', '', '', '', '');
INSERT INTO CONFIG_TERMINAL_CDMAPARAM_BK (TERMINAL_ID, CDMAPARAM_CODE, IDLE_HIGH, IDLE_LOW, ACTIVE_HIGH, ACTIVE_LOW, STATUS, IMPORTANT)
		VALUES ('TERMINAL_ID_DEFAULT', '051', '', '', '', '', '', '');
INSERT INTO CONFIG_TERMINAL_CDMAPARAM_BK (TERMINAL_ID, CDMAPARAM_CODE, IDLE_HIGH, IDLE_LOW, ACTIVE_HIGH, ACTIVE_LOW, STATUS, IMPORTANT)
		VALUES ('TERMINAL_ID_DEFAULT', '052', '', '', '', '', '', '');
INSERT INTO CONFIG_TERMINAL_CDMAPARAM_BK (TERMINAL_ID, CDMAPARAM_CODE, IDLE_HIGH, IDLE_LOW, ACTIVE_HIGH, ACTIVE_LOW, STATUS, IMPORTANT)
		VALUES ('TERMINAL_ID_DEFAULT', '053', '', '', '', '', '', '');
INSERT INTO CONFIG_TERMINAL_CDMAPARAM_BK (TERMINAL_ID, CDMAPARAM_CODE, IDLE_HIGH, IDLE_LOW, ACTIVE_HIGH, ACTIVE_LOW, STATUS, IMPORTANT)
		VALUES ('TERMINAL_ID_DEFAULT', '054', '', '', '', '', '', '');
INSERT INTO CONFIG_TERMINAL_CDMAPARAM_BK (TERMINAL_ID, CDMAPARAM_CODE, IDLE_HIGH, IDLE_LOW, ACTIVE_HIGH, ACTIVE_LOW, STATUS, IMPORTANT)
		VALUES ('TERMINAL_ID_DEFAULT', '055', '', '', '', '', '', '');
INSERT INTO CONFIG_TERMINAL_CDMAPARAM_BK (TERMINAL_ID, CDMAPARAM_CODE, IDLE_HIGH, IDLE_LOW, ACTIVE_HIGH, ACTIVE_LOW, STATUS, IMPORTANT)
		VALUES ('TERMINAL_ID_DEFAULT', '056', '', '', '', '', '', '');
INSERT INTO CONFIG_TERMINAL_CDMAPARAM_BK (TERMINAL_ID, CDMAPARAM_CODE, IDLE_HIGH, IDLE_LOW, ACTIVE_HIGH, ACTIVE_LOW, STATUS, IMPORTANT)
		VALUES ('TERMINAL_ID_DEFAULT', '057', '', '', '', '', '', '');
INSERT INTO CONFIG_TERMINAL_CDMAPARAM_BK (TERMINAL_ID, CDMAPARAM_CODE, IDLE_HIGH, IDLE_LOW, ACTIVE_HIGH, ACTIVE_LOW, STATUS, IMPORTANT)
		VALUES ('TERMINAL_ID_DEFAULT', '058', '', '', '', '', '', '');
INSERT INTO CONFIG_TERMINAL_CDMAPARAM_BK (TERMINAL_ID, CDMAPARAM_CODE, IDLE_HIGH, IDLE_LOW, ACTIVE_HIGH, ACTIVE_LOW, STATUS, IMPORTANT)
		VALUES ('TERMINAL_ID_DEFAULT', '059', '', '', '', '', '', '');
INSERT INTO CONFIG_TERMINAL_CDMAPARAM_BK (TERMINAL_ID, CDMAPARAM_CODE, IDLE_HIGH, IDLE_LOW, ACTIVE_HIGH, ACTIVE_LOW, STATUS, IMPORTANT)
		VALUES ('TERMINAL_ID_DEFAULT', '060', '', '', '', '', '', '');
INSERT INTO CONFIG_TERMINAL_CDMAPARAM_BK (TERMINAL_ID, CDMAPARAM_CODE, IDLE_HIGH, IDLE_LOW, ACTIVE_HIGH, ACTIVE_LOW, STATUS, IMPORTANT)
		VALUES ('TERMINAL_ID_DEFAULT', '061', '', '', '', '', '', '');
INSERT INTO CONFIG_TERMINAL_CDMAPARAM_BK (TERMINAL_ID, CDMAPARAM_CODE, IDLE_HIGH, IDLE_LOW, ACTIVE_HIGH, ACTIVE_LOW, STATUS, IMPORTANT)
		VALUES ('TERMINAL_ID_DEFAULT', '062', '', '', '', '', '', '');
INSERT INTO CONFIG_TERMINAL_CDMAPARAM_BK (TERMINAL_ID, CDMAPARAM_CODE, IDLE_HIGH, IDLE_LOW, ACTIVE_HIGH, ACTIVE_LOW, STATUS, IMPORTANT)
		VALUES ('TERMINAL_ID_DEFAULT', '063', '', '', '', '', '', '');
INSERT INTO CONFIG_TERMINAL_CDMAPARAM_BK (TERMINAL_ID, CDMAPARAM_CODE, IDLE_HIGH, IDLE_LOW, ACTIVE_HIGH, ACTIVE_LOW, STATUS, IMPORTANT)
		VALUES ('TERMINAL_ID_DEFAULT', '064', '', '', '', '', '', '');
INSERT INTO CONFIG_TERMINAL_CDMAPARAM_BK (TERMINAL_ID, CDMAPARAM_CODE, IDLE_HIGH, IDLE_LOW, ACTIVE_HIGH, ACTIVE_LOW, STATUS, IMPORTANT)
		VALUES ('TERMINAL_ID_DEFAULT', '065', '', '', '', '', '', '');
INSERT INTO CONFIG_TERMINAL_CDMAPARAM_BK (TERMINAL_ID, CDMAPARAM_CODE, IDLE_HIGH, IDLE_LOW, ACTIVE_HIGH, ACTIVE_LOW, STATUS, IMPORTANT)
		VALUES ('TERMINAL_ID_DEFAULT', '066', '', '', '', '', '', '');

-- DICTIONARY_3GTEST
DELETE FROM DICTIONARY_3GTEST;
INSERT INTO DICTIONARY_3GTEST(TABLE_NAME, COLUMN_NAME, DES) VALUES ('CONFIG_TERMINAL', ' ', '终端基本配置表，对应终端配置文件config.ini');
INSERT INTO DICTIONARY_3GTEST(TABLE_NAME, COLUMN_NAME, DES) VALUES ('CONFIG_TERMINAL', 'NAME', '终端名称，终端标示，取值可以确定为终端放置地点，便于人记忆');
INSERT INTO DICTIONARY_3GTEST(TABLE_NAME, COLUMN_NAME, DES) VALUES ('CONFIG_TERMINAL', 'CITY_REGIONAL_ID', '区域ID号');
INSERT INTO DICTIONARY_3GTEST(TABLE_NAME, COLUMN_NAME, DES) VALUES ('CONFIG_TERMINAL', 'TERMINAL_ID', '终端ID，主控号码1');
INSERT INTO DICTIONARY_3GTEST(TABLE_NAME, COLUMN_NAME, DES) VALUES ('CONFIG_TERMINAL', 'MAINPHONE2', '主控号码2');
INSERT INTO DICTIONARY_3GTEST(TABLE_NAME, COLUMN_NAME, DES) VALUES ('CONFIG_TERMINAL', 'MAINPHONE3', '主控号码3');
INSERT INTO DICTIONARY_3GTEST(TABLE_NAME, COLUMN_NAME, DES) VALUES ('CONFIG_TERMINAL', 'REMSGTIMES', '没有收到确认的重发次数 0－99');
INSERT INTO DICTIONARY_3GTEST(TABLE_NAME, COLUMN_NAME, DES) VALUES ('CONFIG_TERMINAL', 'REMSGINTERVAL', '没有收到回复确认短信的间隔时间（单位：分钟）');
INSERT INTO DICTIONARY_3GTEST(TABLE_NAME, COLUMN_NAME, DES) VALUES ('CONFIG_TERMINAL', 'IDENPASS', '6位随机密码，用于安全认证');
INSERT INTO DICTIONARY_3GTEST(TABLE_NAME, COLUMN_NAME, DES) VALUES ('CONFIG_TERMINAL', 'DTMF', 'DTMF音内容，6位，用于语音测试');
INSERT INTO DICTIONARY_3GTEST(TABLE_NAME, COLUMN_NAME, DES) VALUES ('CONFIG_TERMINAL', 'DTMF_GAP', 'DTMF播放间隔（单位：毫秒）');
INSERT INTO DICTIONARY_3GTEST(TABLE_NAME, COLUMN_NAME, DES) VALUES ('CONFIG_TERMINAL', 'DTMF_WAIT1', 'DTMF播放间隔（单位：毫秒）');
INSERT INTO DICTIONARY_3GTEST(TABLE_NAME, COLUMN_NAME, DES) VALUES ('CONFIG_TERMINAL', 'PLAYFILE', '语音测试时，播放的语音文件名字');
INSERT INTO DICTIONARY_3GTEST(TABLE_NAME, COLUMN_NAME, DES) VALUES ('CONFIG_TERMINAL', 'PLAY_TIME', '语音测试时的播放语音文件的时间（单位：秒）');
INSERT INTO DICTIONARY_3GTEST(TABLE_NAME, COLUMN_NAME, DES) VALUES ('CONFIG_TERMINAL', 'DTMF_WAIT2', '收完DTMF音后等待X毫秒开始录音');
INSERT INTO DICTIONARY_3GTEST(TABLE_NAME, COLUMN_NAME, DES) VALUES ('CONFIG_TERMINAL', 'DTMF_WAIT3', '呼叫建立后等待X秒再进行DTMF操作');
INSERT INTO DICTIONARY_3GTEST(TABLE_NAME, COLUMN_NAME, DES) VALUES ('CONFIG_TERMINAL', 'DTMF_WAIT4', 'PESQ测试时播放流程结束后等待X毫秒再执行侦听、录音流程');
INSERT INTO DICTIONARY_3GTEST(TABLE_NAME, COLUMN_NAME, DES) VALUES ('CONFIG_TERMINAL', 'CQT_FERSIST', 'CQT语音拨打测试时每次呼叫后的保持时间（单位：秒）');
INSERT INTO DICTIONARY_3GTEST(TABLE_NAME, COLUMN_NAME, DES) VALUES ('CONFIG_TERMINAL', 'PEPORTNUM', '语音测试结果、CDMA参数上报短信的被叫号码');
INSERT INTO DICTIONARY_3GTEST(TABLE_NAME, COLUMN_NAME, DES) VALUES ('CONFIG_TERMINAL', 'UPGRADEURL', '升级服务器FTP URL');
INSERT INTO DICTIONARY_3GTEST(TABLE_NAME, COLUMN_NAME, DES) VALUES ('CONFIG_TERMINAL', 'PESQ_REPORT_URL', 'PESQ语音文件上传地址');
INSERT INTO DICTIONARY_3GTEST(TABLE_NAME, COLUMN_NAME, DES) VALUES ('CONFIG_TERMINAL', 'RESET_GAP', '自动重启间隔（单位：秒）');
INSERT INTO DICTIONARY_3GTEST(TABLE_NAME, COLUMN_NAME, DES) VALUES ('CONFIG_TERMINAL', 'PESQ_CENTER_ACTIVE', '语音测试时本机为被叫，此时的核心网主叫号码，11位，号码不够11位时用0填充');
INSERT INTO DICTIONARY_3GTEST(TABLE_NAME, COLUMN_NAME, DES) VALUES ('CONFIG_TERMINAL', 'PESQ_TERM_ACTIVE', '语音测试时本机为主叫，此时的被叫终端号码');
INSERT INTO DICTIONARY_3GTEST(TABLE_NAME, COLUMN_NAME, DES) VALUES ('CONFIG_TERMINAL', 'PESQ_CENTER_PASSIVE', '语音测试时本机为被叫，此时的核心网主叫号码');
INSERT INTO DICTIONARY_3GTEST(TABLE_NAME, COLUMN_NAME, DES) VALUES ('CONFIG_TERMINAL', 'PESQ_TERM_PASSIVE', '语音测试时本机为被叫，此时的主叫终端号码');
INSERT INTO DICTIONARY_3GTEST(TABLE_NAME, COLUMN_NAME, DES) VALUES ('CONFIG_TERMINAL', 'CONNPOINT', '连接点');
INSERT INTO DICTIONARY_3GTEST(TABLE_NAME, COLUMN_NAME, DES) VALUES ('CONFIG_TERMINAL', 'FTPIP', '上传报告的服务配置');
INSERT INTO DICTIONARY_3GTEST(TABLE_NAME, COLUMN_NAME, DES) VALUES ('CONFIG_TERMINAL', 'FTPUSER', 'ftp 的 IP地址');
INSERT INTO DICTIONARY_3GTEST(TABLE_NAME, COLUMN_NAME, DES) VALUES ('CONFIG_TERMINAL', 'FTPPASS', 'ftp 的 登录用户名');
INSERT INTO DICTIONARY_3GTEST(TABLE_NAME, COLUMN_NAME, DES) VALUES ('CONFIG_TERMINAL', 'FTPDIR', 'ftp 的 登录密码');
INSERT INTO DICTIONARY_3GTEST(TABLE_NAME, COLUMN_NAME, DES) VALUES ('CONFIG_TERMINAL', 'CDMA_N', '每次CDMA参数采集采集多少次');
INSERT INTO DICTIONARY_3GTEST(TABLE_NAME, COLUMN_NAME, DES) VALUES ('CONFIG_TERMINAL', 'CDMA_NV', 'CDMA参数采集时，重点参数多少次续超过多少次时告警');
INSERT INTO DICTIONARY_3GTEST(TABLE_NAME, COLUMN_NAME, DES) VALUES ('CONFIG_TERMINAL', 'CDMA_NVT', 'CDMA参数采集时，非重点参数监控判断连续超过多少次时告警');
INSERT INTO DICTIONARY_3GTEST(TABLE_NAME, COLUMN_NAME, DES) VALUES ('CONFIG_TERMINAL', 'NetFailSMSReport', 'CDMA参数采集时，如果EVDO和CDMA1X都失效，是否用短信上传？0表示上传，1表示不上传。');
INSERT INTO DICTIONARY_3GTEST(TABLE_NAME, COLUMN_NAME, DES) VALUES ('CONFIG_TERMINAL', 'SMSPrefix', '所有终端发出去的短信，头部是否增加前缀。如果为NULL，则不增加，如果有，则增加。如YR1，则所有的短信都是“YR1|”开头');
INSERT INTO DICTIONARY_3GTEST(TABLE_NAME, COLUMN_NAME, DES) VALUES ('CONFIG_TERMINAL', 'BuzzingDuration', '蜂鸣短信时，蜂鸣和灯光闪烁的持续时间');

INSERT INTO DICTIONARY_3GTEST(TABLE_NAME, COLUMN_NAME, DES) VALUES ('CONFIG_TERMINAL_CDMAPARAM', ' ', '终端 CDMA参数配置信息表 目前一个终端对应66(CDMAPARAM_CODE数量)条记录');
INSERT INTO DICTIONARY_3GTEST(TABLE_NAME, COLUMN_NAME, DES) VALUES ('CONFIG_TERMINAL_CDMAPARAM', 'TERMINAL_ID', '终端ID号，对应于CONFIG_TERMIANL 表的TERMINAL_ID字段');
INSERT INTO DICTIONARY_3GTEST(TABLE_NAME, COLUMN_NAME, DES) VALUES ('CONFIG_TERMINAL_CDMAPARAM', 'CDMAPARAM_NAME', 'CDMA参数名称');
INSERT INTO DICTIONARY_3GTEST(TABLE_NAME, COLUMN_NAME, DES) VALUES ('CONFIG_TERMINAL_CDMAPARAM', 'CDMAPARAM_CODE', 'CDMA参数序号');
INSERT INTO DICTIONARY_3GTEST(TABLE_NAME, COLUMN_NAME, DES) VALUES ('CONFIG_TERMINAL_CDMAPARAM', 'IDLE_HIGH', 'IDLE上阈值');
INSERT INTO DICTIONARY_3GTEST(TABLE_NAME, COLUMN_NAME, DES) VALUES ('CONFIG_TERMINAL_CDMAPARAM', 'IDLE_LOW', 'IDLE下阈值');
INSERT INTO DICTIONARY_3GTEST(TABLE_NAME, COLUMN_NAME, DES) VALUES ('CONFIG_TERMINAL_CDMAPARAM', 'ACTIVE_HIGH', 'ACTIVE上阈值');
INSERT INTO DICTIONARY_3GTEST(TABLE_NAME, COLUMN_NAME, DES) VALUES ('CONFIG_TERMINAL_CDMAPARAM', 'ACTIVE_LOW', 'ACTIVE下阈值');
INSERT INTO DICTIONARY_3GTEST(TABLE_NAME, COLUMN_NAME, DES) VALUES ('CONFIG_TERMINAL_CDMAPARAM', 'STATUS', '状态');
INSERT INTO DICTIONARY_3GTEST(TABLE_NAME, COLUMN_NAME, DES) VALUES ('CONFIG_TERMINAL_CDMAPARAM', 'IMPORTANT', '重要度');


INSERT INTO DICTIONARY_3GTEST(TABLE_NAME, COLUMN_NAME, DES) VALUES ('CONFIG_TERMINAL_ROUTINE', ' ', '终端例行测试配置表，用于配置终端例行测试的基本信息');
INSERT INTO DICTIONARY_3GTEST(TABLE_NAME, COLUMN_NAME, DES) VALUES ('CONFIG_TERMINAL_ROUTINE', 'TERMINAL_ID', '终端ID号，对应于CONFIG_TERMIANL 表的TERMINAL_ID字段');
INSERT INTO DICTIONARY_3GTEST(TABLE_NAME, COLUMN_NAME, DES) VALUES ('CONFIG_TERMINAL_ROUTINE', 'STARTTIME', '测试开始时间 MM:SS 10:15代表上午10点15分');
INSERT INTO DICTIONARY_3GTEST(TABLE_NAME, COLUMN_NAME, DES) VALUES ('CONFIG_TERMINAL_ROUTINE', 'TYPE', '测试类型 PING,HTTP,FTP,CQT,PESQ,Restart,upload,heartbeat,CDMAPARA 其中一种或者多种，(CQT|CDMAPARA 代表CQT和CDMA同时进行)');
INSERT INTO DICTIONARY_3GTEST(TABLE_NAME, COLUMN_NAME, DES) VALUES ('CONFIG_TERMINAL_ROUTINE', 'CONTENT', '为空');


INSERT INTO DICTIONARY_3GTEST(TABLE_NAME, COLUMN_NAME, DES) VALUES ('CONFIG_TERMINAL_ROUTINE_CONTENT_PING', ' ', '终端PING测试内容表， 终端号、开始时间关联CONFIG_TERMINAL_ROUTINE');
INSERT INTO DICTIONARY_3GTEST(TABLE_NAME, COLUMN_NAME, DES) VALUES ('CONFIG_TERMINAL_ROUTINE_CONTENT_PING', 'TERMINAL_ID', '终端ID号');
INSERT INTO DICTIONARY_3GTEST(TABLE_NAME, COLUMN_NAME, DES) VALUES ('CONFIG_TERMINAL_ROUTINE_CONTENT_PING', 'STARTTIME', '测试开始时间');
INSERT INTO DICTIONARY_3GTEST(TABLE_NAME, COLUMN_NAME, DES) VALUES ('CONFIG_TERMINAL_ROUTINE_CONTENT_PING', 'TIMES', '测试次数');
INSERT INTO DICTIONARY_3GTEST(TABLE_NAME, COLUMN_NAME, DES) VALUES ('CONFIG_TERMINAL_ROUTINE_CONTENT_PING', 'PACKSIZE', '数据包大小');
INSERT INTO DICTIONARY_3GTEST(TABLE_NAME, COLUMN_NAME, DES) VALUES ('CONFIG_TERMINAL_ROUTINE_CONTENT_PING', 'TM_INTER', '时间间隔');
INSERT INTO DICTIONARY_3GTEST(TABLE_NAME, COLUMN_NAME, DES) VALUES ('CONFIG_TERMINAL_ROUTINE_CONTENT_PING', 'TMOUT', '超时');
INSERT INTO DICTIONARY_3GTEST(TABLE_NAME, COLUMN_NAME, DES) VALUES ('CONFIG_TERMINAL_ROUTINE_CONTENT_PING', 'URL', '测试IP地址或者URL');

INSERT INTO DICTIONARY_3GTEST(TABLE_NAME, COLUMN_NAME, DES) VALUES ('CONFIG_TERMINAL_ROUTINE_CONTENT_FTP', ' ', '终端FTP测试内容表， 终端号、开始时间关联CONFIG_TERMINAL_ROUTINE');
INSERT INTO DICTIONARY_3GTEST(TABLE_NAME, COLUMN_NAME, DES) VALUES ('CONFIG_TERMINAL_ROUTINE_CONTENT_FTP', 'TERMINAL_ID', '终端ID号');
INSERT INTO DICTIONARY_3GTEST(TABLE_NAME, COLUMN_NAME, DES) VALUES ('CONFIG_TERMINAL_ROUTINE_CONTENT_FTP', 'STARTTIME', '测试开始时间');
INSERT INTO DICTIONARY_3GTEST(TABLE_NAME, COLUMN_NAME, DES) VALUES ('CONFIG_TERMINAL_ROUTINE_CONTENT_FTP', 'TIMES', '测试次数');
INSERT INTO DICTIONARY_3GTEST(TABLE_NAME, COLUMN_NAME, DES) VALUES ('CONFIG_TERMINAL_ROUTINE_CONTENT_FTP', 'TMOUT', '超时');
INSERT INTO DICTIONARY_3GTEST(TABLE_NAME, COLUMN_NAME, DES) VALUES ('CONFIG_TERMINAL_ROUTINE_CONTENT_FTP', 'URL', '上传下载文件URL');
INSERT INTO DICTIONARY_3GTEST(TABLE_NAME, COLUMN_NAME, DES) VALUES ('CONFIG_TERMINAL_ROUTINE_CONTENT_FTP', 'DIRECTION', '上传或者下载 0下行 1上行');
INSERT INTO DICTIONARY_3GTEST(TABLE_NAME, COLUMN_NAME, DES) VALUES ('CONFIG_TERMINAL_ROUTINE_CONTENT_FTP', 'NUMBER_PROCESS', '测试进程数量');

INSERT INTO DICTIONARY_3GTEST(TABLE_NAME, COLUMN_NAME, DES) VALUES ('CONFIG_TERMINAL_ROUTINE_CONTENT_HTTP', ' ', '终端HTTP测试内容表， 终端号、开始时间关联CONFIG_TERMINAL_ROUTINE');
INSERT INTO DICTIONARY_3GTEST(TABLE_NAME, COLUMN_NAME, DES) VALUES ('CONFIG_TERMINAL_ROUTINE_CONTENT_HTTP', 'TERMINAL_ID', '终端ID号');
INSERT INTO DICTIONARY_3GTEST(TABLE_NAME, COLUMN_NAME, DES) VALUES ('CONFIG_TERMINAL_ROUTINE_CONTENT_HTTP', 'STARTTIME', '测试开始时间');
INSERT INTO DICTIONARY_3GTEST(TABLE_NAME, COLUMN_NAME, DES) VALUES ('CONFIG_TERMINAL_ROUTINE_CONTENT_HTTP', 'TIMES', '测试次数');
INSERT INTO DICTIONARY_3GTEST(TABLE_NAME, COLUMN_NAME, DES) VALUES ('CONFIG_TERMINAL_ROUTINE_CONTENT_HTTP', 'TMOUT', '超时');
INSERT INTO DICTIONARY_3GTEST(TABLE_NAME, COLUMN_NAME, DES) VALUES ('CONFIG_TERMINAL_ROUTINE_CONTENT_HTTP', 'URL', '上传下载文件URL');

INSERT INTO DICTIONARY_3GTEST(TABLE_NAME, COLUMN_NAME, DES) VALUES ('CONFIG_TERMINAL_ROUTINE_CONTENT_CQT', ' ', '终端CQT测试内容表， 终端号、开始时间关联CONFIG_TERMINAL_ROUTINE');
INSERT INTO DICTIONARY_3GTEST(TABLE_NAME, COLUMN_NAME, DES) VALUES ('CONFIG_TERMINAL_ROUTINE_CONTENT_CQT', 'TERMINAL_ID', '终端ID号');
INSERT INTO DICTIONARY_3GTEST(TABLE_NAME, COLUMN_NAME, DES) VALUES ('CONFIG_TERMINAL_ROUTINE_CONTENT_CQT', 'STARTTIME', '测试开始时间');
INSERT INTO DICTIONARY_3GTEST(TABLE_NAME, COLUMN_NAME, DES) VALUES ('CONFIG_TERMINAL_ROUTINE_CONTENT_CQT', 'TYPE', '测试类型 1: 核心网 2: 终端');
INSERT INTO DICTIONARY_3GTEST(TABLE_NAME, COLUMN_NAME, DES) VALUES ('CONFIG_TERMINAL_ROUTINE_CONTENT_CQT', 'TM_INTER', '[拨打]时间间隔');
INSERT INTO DICTIONARY_3GTEST(TABLE_NAME, COLUMN_NAME, DES) VALUES ('CONFIG_TERMINAL_ROUTINE_CONTENT_CQT', 'TIMES', '拨打次数');
INSERT INTO DICTIONARY_3GTEST(TABLE_NAME, COLUMN_NAME, DES) VALUES ('CONFIG_TERMINAL_ROUTINE_CONTENT_CQT', 'TEST_TMINTER', '测试时间间隔');
INSERT INTO DICTIONARY_3GTEST(TABLE_NAME, COLUMN_NAME, DES) VALUES ('CONFIG_TERMINAL_ROUTINE_CONTENT_CQT', 'TEST_TIMES', '测试次数');
INSERT INTO DICTIONARY_3GTEST(TABLE_NAME, COLUMN_NAME, DES) VALUES ('CONFIG_TERMINAL_ROUTINE_CONTENT_CQT', 'TM_CALLHOLD', '呼叫保持时间');


/*
INSERT INTO CONFIG_TERMINAL_ROUTINE(TERMINAL_ID, STARTTIME, TYPE, FLAG_CDMA) 
                        VALUES('18916528506', '11:15', 'PING', 'F');
INSERT INTO CONFIG_TERMINAL_ROUTINE(TERMINAL_ID, STARTTIME, TYPE, FLAG_CDMA) 
                        VALUES('18916528506', '11:19', 'HTTP', 'T');
INSERT INTO CONFIG_TERMINAL_ROUTINE(TERMINAL_ID, STARTTIME, TYPE, FLAG_CDMA) 
                        VALUES('18916528506', '11:16', 'FTP', 'F');
INSERT INTO CONFIG_TERMINAL_ROUTINE(TERMINAL_ID, STARTTIME, TYPE, FLAG_CDMA) 
                        VALUES('18916528506', '11:26', 'CQT', 'T');
INSERT INTO CONFIG_TERMINAL_ROUTINE(TERMINAL_ID, STARTTIME, TYPE, FLAG_CDMA) 
                        VALUES('18916528506', '11:27', 'PESQ', 'F');
INSERT INTO CONFIG_TERMINAL_ROUTINE(TERMINAL_ID, STARTTIME, TYPE, FLAG_CDMA) 
                        VALUES('18916528506', '0:00', 'Restart', 'F');
INSERT INTO CONFIG_TERMINAL_ROUTINE(TERMINAL_ID, STARTTIME, TYPE, FLAG_CDMA) 
                        VALUES('18916528506', '0:30', 'upload', 'F');
INSERT INTO CONFIG_TERMINAL_ROUTINE(TERMINAL_ID, STARTTIME, TYPE, FLAG_CDMA) 
                        VALUES('18916528506', '1:30', 'upload', 'F');
INSERT INTO CONFIG_TERMINAL_ROUTINE(TERMINAL_ID, STARTTIME, TYPE, FLAG_CDMA) 
                        VALUES('18916528506', '12:00', 'heartbeat', 'F');
INSERT INTO CONFIG_TERMINAL_ROUTINE(TERMINAL_ID, STARTTIME, TYPE, FLAG_CDMA) 
                        VALUES('18916528506', '12:20', 'CDMAPARA', 'F');
                               
INSERT INTO CONFIG_TERMINAL_ROUTINE_CONTENT_PING(TERMINAL_ID, STARTTIME, TIMES, PACKSIZE, TM_INTER, TMOUT, URL) 
                        VALUES('18916528506', '11:15', '3', '50', '2', '10', 'www.google.com');
INSERT INTO CONFIG_TERMINAL_ROUTINE_CONTENT_HTTP(TERMINAL_ID, STARTTIME, TIMES, TMOUT, URL) 
                        VALUES('18916528506', '11:19', '10', '10', 'http://www.vckbase.com');
INSERT INTO CONFIG_TERMINAL_ROUTINE_CONTENT_FTP(TERMINAL_ID, STARTTIME, TIMES, TMOUT, URL, DIRECTION, NUMBER_PROCESS) 
                        VALUES('18916528506', '11:16', '3', '10', 'ftp://symtree:jason010101@222.186.191.102/wwwroot/B/BaseTech.lib', '1', '1');
INSERT INTO CONFIG_TERMINAL_ROUTINE_CONTENT_CQT(TERMINAL_ID, STARTTIME, TYPE, TM_INTER, TIMES, TEST_TMINTER, TEST_TIMES, TM_CALLHOLD) 
                        VALUES('18916528506', '11:26', '1', '10', '3', '5', '1', '15');
INSERT INTO CONFIG_TERMINAL_ROUTINE_CONTENT_EXTRA_PESQ(TERMINAL_ID, STARTTIME, TYPE, SRCFNAME, EXEC_DATA) 
                        VALUES('18916528506', '11:27', '1', 'AGMA1M02.wav', '20091201');

INSERT INTO CONFIG_TERMINAL_ROUTINE_BK SELECT * FROM CONFIG_TERMINAL_ROUTINE;
INSERT INTO CONFIG_TERMINAL_ROUTINE_CONTENT_PING_BK SELECT * FROM CONFIG_TERMINAL_ROUTINE_CONTENT_PING;
INSERT INTO CONFIG_TERMINAL_ROUTINE_CONTENT_HTTP_BK SELECT * FROM CONFIG_TERMINAL_ROUTINE_CONTENT_HTTP;
INSERT INTO CONFIG_TERMINAL_ROUTINE_CONTENT_FTP_BK SELECT * FROM CONFIG_TERMINAL_ROUTINE_CONTENT_FTP;
INSERT INTO CONFIG_TERMINAL_ROUTINE_CONTENT_CQT_BK SELECT * FROM CONFIG_TERMINAL_ROUTINE_CONTENT_CQT;
*/